"Sector","Indicator","Sub Indicator","Disaggregation","Percentages","variable_name","p_value"
"AAP","% of HHs reported having received aid in the 30 days prior to data collection","","female",0.329432943294329,"received_aid",2.37584740886757e-05
"AAP","% of HHs reported having received aid in the 30 days prior to data collection","","male",0.2686847354218,"received_aid",2.37584740886757e-05
"AAP","% of HHs reporting to have received [type of aid]","Cash","female",0.37431693989071,"received_aid_cash",0.0107103257904854
"AAP","% of HHs reporting to have received [type of aid]","Cash","male",0.447161572052402,"received_aid_cash",0.0107103257904854
"AAP","% of HHs reporting to have received [type of aid]","Food","female",0.931693989071038,"received_aid_food",0.130778046991874
"AAP","% of HHs reporting to have received [type of aid]","Food","male",0.905676855895197,"received_aid_food",0.130778046991874
"AAP","% of HHs reporting to have received [type of aid]","Water","female",0.00546448087431694,"received_aid_water",0.106450016770566
"AAP","% of HHs reporting to have received [type of aid]","Water","male",0.0187772925764192,"received_aid_water",0.106450016770566
"AAP","% of HHs reporting to have received [type of aid]","Fuel","female",0,"received_aid_fuel",0.806105145253358
"AAP","% of HHs reporting to have received [type of aid]","Fuel","male",0.00218340611353712,"received_aid_fuel",0.806105145253358
"AAP","% of HHs reporting to have received [type of aid]","Shelter","female",0,"received_aid_shelter",NA
"AAP","% of HHs reporting to have received [type of aid]","Shelter","male",0,"received_aid_shelter",NA
"AAP","% of HHs reporting to have received [type of aid]","Seasonal items","female",0.0573770491803279,"received_aid_seasonal_items",0.406126623022297
"AAP","% of HHs reporting to have received [type of aid]","Seasonal items","male",0.0458515283842795,"received_aid_seasonal_items",0.406126623022297
"AAP","% of HHs reporting to have received [type of aid]","Other non-food items","female",0.281420765027322,"received_aid_other_nfi",0.354127464095041
"AAP","% of HHs reporting to have received [type of aid]","Other non-food items","male",0.306986899563319,"received_aid_other_nfi",0.354127464095041
"AAP","% of HHs reporting to have received [type of aid]","Protection/legal services","female",0,"received_aid_protection",0.99999999999974
"AAP","% of HHs reporting to have received [type of aid]","Protection/legal services","male",0.000873362445414847,"received_aid_protection",0.99999999999974
"AAP","% of HHs reporting to have received [type of aid]","Education services","female",0,"received_aid_education",0.999999999999948
"AAP","% of HHs reporting to have received [type of aid]","Education services","male",0.000436681222707424,"received_aid_education",0.999999999999948
"AAP","% of HHs reporting to have received [type of aid]","Healthcare","female",0.112021857923497,"received_aid_healthcare",0.0166592054061513
"AAP","% of HHs reporting to have received [type of aid]","Healthcare","male",0.162445414847162,"received_aid_healthcare",0.0166592054061513
"AAP","% of HHs reporting to be satisfied with the aid received","","female",0.814207650273224,"aid_satisfaction",0.231572231175766
"AAP","% of HHs reporting to be satisfied with the aid received","","male",0.785152838427948,"aid_satisfaction",0.231572231175766
"CCCM, Shelter, Protection","% of HHs living in critical shelter","","female",0.375337533753375,"critical_shelter",1.63906762464156e-05
"CCCM, Shelter, Protection","% of HHs living in critical shelter","","male",0.310806054206265,"critical_shelter",1.63906762464156e-05
"CCCM, Shelter, Protection","% of HHs living in [type of shelter]","apartment","female",0.0486048604860486,"shelter.shelter_type",2.34616439714814e-07
"CCCM, Shelter, Protection","% of HHs living in [type of shelter]","container","female",0.063006300630063,"shelter.shelter_type",2.34616439714814e-07
"CCCM, Shelter, Protection","% of HHs living in [type of shelter]","damaged_building","female",0.0126012601260126,"shelter.shelter_type",2.34616439714814e-07
"CCCM, Shelter, Protection","% of HHs living in [type of shelter]","house","female",0.562556255625563,"shelter.shelter_type",2.34616439714814e-07
"CCCM, Shelter, Protection","% of HHs living in [type of shelter]","makeshift_shelter","female",0.0063006300630063,"shelter.shelter_type",2.34616439714814e-07
"CCCM, Shelter, Protection","% of HHs living in [type of shelter]","non_residential","female",0.0018001800180018,"shelter.shelter_type",2.34616439714814e-07
"CCCM, Shelter, Protection","% of HHs living in [type of shelter]","other","female",0.0135013501350135,"shelter.shelter_type",2.34616439714814e-07
"CCCM, Shelter, Protection","% of HHs living in [type of shelter]","public_building","female",0.0009000900090009,"shelter.shelter_type",2.34616439714814e-07
"CCCM, Shelter, Protection","% of HHs living in [type of shelter]","religious_building","female",0.0009000900090009,"shelter.shelter_type",2.34616439714814e-07
"CCCM, Shelter, Protection","% of HHs living in [type of shelter]","rhu","female",0.0027002700270027,"shelter.shelter_type",2.34616439714814e-07
"CCCM, Shelter, Protection","% of HHs living in [type of shelter]","tent","female",0.253825382538254,"shelter.shelter_type",2.34616439714814e-07
"CCCM, Shelter, Protection","% of HHs living in [type of shelter]","unfinished_abandoned_building","female",0.0333033303330333,"shelter.shelter_type",2.34616439714814e-07
"CCCM, Shelter, Protection","% of HHs living in [type of shelter]","apartment","male",0.0413000117329579,"shelter.shelter_type",2.34616439714814e-07
"CCCM, Shelter, Protection","% of HHs living in [type of shelter]","container","male",0.0743869529508389,"shelter.shelter_type",2.34616439714814e-07
"CCCM, Shelter, Protection","% of HHs living in [type of shelter]","damaged_building","male",0.0124369353514021,"shelter.shelter_type",2.34616439714814e-07
"CCCM, Shelter, Protection","% of HHs living in [type of shelter]","hotel","male",0.000234659157573624,"shelter.shelter_type",2.34616439714814e-07
"CCCM, Shelter, Protection","% of HHs living in [type of shelter]","house","male",0.640619500175994,"shelter.shelter_type",2.34616439714814e-07
"CCCM, Shelter, Protection","% of HHs living in [type of shelter]","makeshift_shelter","male",0.0086823888302241,"shelter.shelter_type",2.34616439714814e-07
"CCCM, Shelter, Protection","% of HHs living in [type of shelter]","non_residential","male",0.00222926199694943,"shelter.shelter_type",2.34616439714814e-07
"CCCM, Shelter, Protection","% of HHs living in [type of shelter]","other","male",0.00703977472720873,"shelter.shelter_type",2.34616439714814e-07
"CCCM, Shelter, Protection","% of HHs living in [type of shelter]","public_building","male",0.00164261410301537,"shelter.shelter_type",2.34616439714814e-07
"CCCM, Shelter, Protection","% of HHs living in [type of shelter]","religious_building","male",0.00152528452422856,"shelter.shelter_type",2.34616439714814e-07
"CCCM, Shelter, Protection","% of HHs living in [type of shelter]","rhu","male",0.00598380851812742,"shelter.shelter_type",2.34616439714814e-07
"CCCM, Shelter, Protection","% of HHs living in [type of shelter]","tent","male",0.176111697759005,"shelter.shelter_type",2.34616439714814e-07
"CCCM, Shelter, Protection","% of HHs living in [type of shelter]","unfinished_abandoned_building","male",0.0278071101724745,"shelter.shelter_type",2.34616439714814e-07
"Education","% of households with at least one school-aged child not attending formal school regularly (at least 4 days a week)","","female",0.234442836468886,"not_attending_formal",0.311169290858522
"Education","% of households with at least one school-aged child not attending formal school regularly (at least 4 days a week)","","male",0.216799863968713,"not_attending_formal",0.311169290858522
"Education","% of households with at least one female school-aged child not attending formal school regularly (at least 4 days a week)","","female",0.217054263565891,"female_not_attending_formal",0.073539404597347
"Education","% of households with at least one female school-aged child not attending formal school regularly (at least 4 days a week)","","male",0.183561040105773,"female_not_attending_formal",0.073539404597347
"Education","% of households with at least one male school-aged child not attending formal school regularly (at least 4 days a week)","","female",0.171586715867159,"male_not_attending_formal",0.413528981061262
"Education","% of households with at least one male school-aged child not attending formal school regularly (at least 4 days a week)","","male",0.157016060862215,"male_not_attending_formal",0.413528981061262
"Education","% of HHs with at least one child dropping out in previous academic year","","female",0.234442836468886,"dropped_from_school",0.801622607003643
"Education","% of HHs with at least one child dropping out in previous academic year","","male",0.229382758034348,"dropped_from_school",0.801622607003643
"Education","Main barriers to education","School stopped functioning and is now closed","female",0.123456790123457,"education_barriers_not_function",0.720621445319992
"Education","Main barriers to education","School stopped functioning and is now closed","male",0.137147335423197,"education_barriers_not_function",0.720621445319992
"Education","Main barriers to education","Lack of safety to access schools","female",0.0185185185185185,"education_barriers_safety",0.999999999999998
"Education","Main barriers to education","Lack of safety to access schools","male",0.0211598746081505,"education_barriers_safety",0.999999999999998
"Education","Main barriers to education","Costs related to education","female",0.339506172839506,"education_barriers_cost",0.260654536604237
"Education","Main barriers to education","Costs related to education","male",0.293103448275862,"education_barriers_cost",0.260654536604237
"Education","Main barriers to education","Unable to enroll/register","female",0.0555555555555556,"education_barriers_unable_to_register",0.776726750020035
"Education","Main barriers to education","Unable to enroll/register","male",0.0470219435736677,"education_barriers_unable_to_register",0.776726750020035
"Education","Main barriers to education","Physical limitations to access school ","female",0.104938271604938,"education_barriers_physical_limitation",0.31118177633284
"Education","Main barriers to education","Physical limitations to access school ","male",0.137147335423197,"education_barriers_physical_limitation",0.31118177633284
"Education","Main barriers to education","School and classes are overcrowded","female",0.0123456790123457,"education_barriers_overcrowded",0.465219924972121
"Education","Main barriers to education","School and classes are overcrowded","male",0.0250783699059561,"education_barriers_overcrowded",0.465219924972121
"Education","Main barriers to education","The school infrastructure is poor","female",0,"education_barriers_poor_infrastructure",0.395352261743691
"Education","Main barriers to education","The school infrastructure is poor","male",0.0101880877742947,"education_barriers_poor_infrastructure",0.395352261743691
"Education","Main barriers to education","Curriculum not adapted","female",0.037037037037037,"education_barriers_curriculum_not_adapted",0.807674893869283
"Education","Main barriers to education","Curriculum not adapted","male",0.0446708463949843,"education_barriers_curriculum_not_adapted",0.807674893869283
"Education","Main barriers to education","Child working","female",0.117283950617284,"education_barriers_working",0.232082569880864
"Education","Main barriers to education","Child working","male",0.085423197492163,"education_barriers_working",0.232082569880864
"Education","Main barriers to education","parental refusal","female",0.0802469135802469,"education_barriers_parental_refusal",0.629019550917359
"Education","Main barriers to education","parental refusal","male",0.0666144200626959,"education_barriers_parental_refusal",0.629019550917359
"Education","Main barriers to education","Lack of interest of children in education.","female",0.253086419753086,"education_barriers_lack_interest",0.184694794876684
"Education","Main barriers to education","Lack of interest of children in education.","male",0.204545454545455,"education_barriers_lack_interest",0.184694794876684
"Education","Main barriers to education","Other","female",0.0925925925925926,"education_barriers_other",0.503032208843356
"Education","Main barriers to education","Other","male",0.113636363636364,"education_barriers_other",0.503032208843356
"Food Security","Food Consumption Score","Acceptable","female",0.953195319531953,"fcs_category",0.798626303160696
"Food Security","Food Consumption Score","Borderline","female",0.0414041404140414,"fcs_category",0.798626303160696
"Food Security","Food Consumption Score","Poor","female",0.0054005400540054,"fcs_category",0.798626303160696
"Food Security","Food Consumption Score","Acceptable","male",0.948492314912589,"fcs_category",0.798626303160696
"Food Security","Food Consumption Score","Borderline","male",0.0455238765692831,"fcs_category",0.798626303160696
"Food Security","Food Consumption Score","Poor","male",0.00598380851812742,"fcs_category",0.798626303160696
"Food Security","Household Hunger Scale","Little to no hunger in the household (0-1)","female",0.93969396939694,"household_hunger_category",0.00749962672404919
"Food Security","Household Hunger Scale","Moderate hunger in the household (2-3)","female",0.0567056705670567,"household_hunger_category",0.00749962672404919
"Food Security","Household Hunger Scale","Severe hunger in the household (4-6)","female",0.0036003600360036,"household_hunger_category",0.00749962672404919
"Food Security","Household Hunger Scale","Little to no hunger in the household (0-1)","male",0.959755954476123,"household_hunger_category",0.00749962672404919
"Food Security","Household Hunger Scale","Moderate hunger in the household (2-3)","male",0.0381321131057139,"household_hunger_category",0.00749962672404919
"Food Security","Household Hunger Scale","Severe hunger in the household (4-6)","male",0.00211193241816262,"household_hunger_category",0.00749962672404919
"Food Security, Livelihoods","% of HH relying on negative coping strategies (stress, crisis or emergency) to cope with a lack of food or money to buy food","Stress","female",0.652565256525653,"stress",0.392143918727936
"Food Security, Livelihoods","% of HH relying on negative coping strategies (stress, crisis or emergency) to cope with a lack of food or money to buy food","Stress","male",0.665962689193946,"stress",0.392143918727936
"Food Security, Livelihoods","% of HH relying on negative coping strategies (stress, crisis or emergency) to cope with a lack of food or money to buy food","Crisis","female",0.149414941494149,"crisis",0.999999999999982
"Food Security, Livelihoods","% of HH relying on negative coping strategies (stress, crisis or emergency) to cope with a lack of food or money to buy food","Crisis","male",0.149595212953186,"crisis",0.999999999999982
"Food Security, Livelihoods","% of HH relying on negative coping strategies (stress, crisis or emergency) to cope with a lack of food or money to buy food","Emergency","female",0.0927092709270927,"emergency",0.712866574548181
"Food Security, Livelihoods","% of HH relying on negative coping strategies (stress, crisis or emergency) to cope with a lack of food or money to buy food","Emergency","male",0.0966795729203332,"emergency",0.712866574548181
"Food Security, Livelihoods","% of HH spending more than 50% of total expenditure on food","","female",0.653465346534653,"food_expenditure_share",0.102620681965079
"Food Security, Livelihoods","% of HH spending more than 50% of total expenditure on food","","male",0.627830576088232,"food_expenditure_share",0.102620681965079
"Health","% of households with  a hospital with emergency, maternity, surgical and pediatric services within one hour's reach from dwellings","","female",0.423042304230423,"hospital_access_services",0.885921506508312
"Health","% of households with  a hospital with emergency, maternity, surgical and pediatric services within one hour's reach from dwellings","","male",0.420274551214361,"hospital_access_services",0.885921506508312
"Health","% of households that can access primary healthcare (health clinic) within one hour's walk from dwellings","","female",0.955895589558956,"clinic_access",0.782371015473847
"Health","% of households that can access primary healthcare (health clinic) within one hour's walk from dwellings","","male",0.953537486800422,"clinic_access",0.782371015473847
"Health","% HH reporting difficulties in accessing health services","","female",0.732394366197183,"difficulty_access_healthcare",0.750891174388392
"Health","% HH reporting difficulties in accessing health services","","male",0.72627163083377,"difficulty_access_healthcare",0.750891174388392
"Health","% HH reporting [type of difficulty] in accessing health services","Cost of services and/or medicine was too high","female",0.580025608194622,"difficulty_access_healthcare_cost",0.288749334627724
"Health","% HH reporting [type of difficulty] in accessing health services","Cost of services and/or medicine was too high","male",0.600594301695508,"difficulty_access_healthcare_cost",0.288749334627724
"Health","% HH reporting [type of difficulty] in accessing health services","Did not get access to qualified health staff at the health facility","female",0.0153649167733675,"difficulty_access_healthcare_lack_qualified_staff",0.946743395929054
"Health","% HH reporting [type of difficulty] in accessing health services","Did not get access to qualified health staff at the health facility","male",0.014333158538717,"difficulty_access_healthcare_lack_qualified_staff",0.946743395929054
"Health","% HH reporting [type of difficulty] in accessing health services","Problems with civil documents","female",0,"difficulty_access_healthcare_lack_civil_doc",0.781566726144595
"Health","% HH reporting [type of difficulty] in accessing health services","Problems with civil documents","male",0.0010487676979549,"difficulty_access_healthcare_lack_civil_doc",0.781566726144595
"Health","% HH reporting [type of difficulty] in accessing health services","Public health clinic did not provide referral","female",0.0115236875800256,"difficulty_access_healthcare_no_referral_phc",0.90090798382848
"Health","% HH reporting [type of difficulty] in accessing health services","Public health clinic did not provide referral","male",0.0103128823632232,"difficulty_access_healthcare_no_referral_phc",0.90090798382848
"Health","% HH reporting [type of difficulty] in accessing health services","Public health clinic not open","female",0.0192061459667093,"difficulty_access_healthcare_phc_closed",0.729373806024071
"Health","% HH reporting [type of difficulty] in accessing health services","Public health clinic not open","male",0.0218493270407271,"difficulty_access_healthcare_phc_closed",0.729373806024071
"Health","% HH reporting [type of difficulty] in accessing health services","The treatment center was too far away/Transportation constraints","female",0.0998719590268886,"difficulty_access_healthcare_too_far",0.414816631614799
"Health","% HH reporting [type of difficulty] in accessing health services","The treatment center was too far away/Transportation constraints","male",0.110295402901591,"difficulty_access_healthcare_too_far",0.414816631614799
"Health","% HH reporting [type of difficulty] in accessing health services","Medical staff refused treatment without any excuse","female",0,"difficulty_access_healthcare_staff_refused_treatment",0.615956987481878
"Health","% HH reporting [type of difficulty] in accessing health services","Medical staff refused treatment without any excuse","male",0.00139835693060654,"difficulty_access_healthcare_staff_refused_treatment",0.615956987481878
"Health","% HH reporting [type of difficulty] in accessing health services","No medicine available at health facility/pharmacy","female",0.243277848911652,"difficulty_access_healthcare_lack_medicine",0.0184405343143008
"Health","% HH reporting [type of difficulty] in accessing health services","No medicine available at health facility/pharmacy","male",0.205908058031813,"difficulty_access_healthcare_lack_medicine",0.0184405343143008
"Health","% HH reporting [type of difficulty] in accessing health services","No treatment available for my disease at the health facility","female",0.161331626120359,"difficulty_access_healthcare_no_treatment_phc",0.0602378723542088
"Health","% HH reporting [type of difficulty] in accessing health services","No treatment available for my disease at the health facility","male",0.13581541688516,"difficulty_access_healthcare_no_treatment_phc",0.0602378723542088
"Health","% HH reporting [type of difficulty] in accessing health services","Health services not inclusive of people with disabilities","female",0.0179257362355954,"difficulty_access_healthcare_not_inclusive_disability",0.333430624965558
"Health","% HH reporting [type of difficulty] in accessing health services","Health services not inclusive of people with disabilities","male",0.0129348016081105,"difficulty_access_healthcare_not_inclusive_disability",0.333430624965558
"Health","% HH reporting [type of difficulty] in accessing health services","Lack of female health staff","female",0.00256081946222791,"difficulty_access_healthcare_no_female_staff",0.999999999999999
"Health","% HH reporting [type of difficulty] in accessing health services","Lack of female health staff","male",0.00297150847753889,"difficulty_access_healthcare_no_female_staff",0.999999999999999
"Health, Protection","% HH with at least on individual that has ""lots of difficulty"" or ""cannot do at all"" one of the following activities: seeing, hearing, walking/climbing steps, remembering/concerntrating, self-care, communicating","","female",0.113411341134113,"members_disabled",0.414397207922192
"Health, Protection","% HH with at least on individual that has ""lots of difficulty"" or ""cannot do at all"" one of the following activities: seeing, hearing, walking/climbing steps, remembering/concerntrating, self-care, communicating","","male",0.10489264343541,"members_disabled",0.414397207922192
"Health, Protection","% of households with members unable to access one or more services due to disability","","female",0.484126984126984,"difficulty_disability_services",0.371553626152997
"Health, Protection","% of households with members unable to access one or more services due to disability","","male",0.437360178970917,"difficulty_disability_services",0.371553626152997
"Health, Protection GBV","% of households reporting that women of reproductive age (15-49) face difficulty in accessing specialized reproductive health services","","female",0.278127812781278,"difficulty_accessing_female_services",0.478664760607752
"Health, Protection GBV","% of households reporting that women of reproductive age (15-49) face difficulty in accessing specialized reproductive health services","","male",0.288865422973132,"difficulty_accessing_female_services",0.478664760607752
"HH profile","% of female-headed households","","female",1,"female_headed",0
"HH profile","% of female-headed households","","male",0,"female_headed",0
"HH profile","% of single headed households","","female",0.891089108910891,"single_headed",0
"HH profile","% of single headed households","","male",0.0215886424967734,"single_headed",0
"HH Profile, CCCM ","% of IDP HHs that intend to remain in their current location for the next three months","Remain
Return to AoO
Move elsewhere
Don’t know","female",0.915173237753883,"no_movement_3",1
"HH Profile, CCCM ","% of IDP HHs that intend to remain in their current location for the next three months","Remain
Return to AoO
Move elsewhere
Don’t know","male",0.915532228965065,"no_movement_3",1
"HH Profile, CCCM ","% of IDP HHs that intend to remain in their current location for the next twelve months","Remain
Return to AoO
Move elsewhere
Don’t know","female",0.732165206508135,"no_movement_12",0.202170665259653
"HH Profile, CCCM ","% of IDP HHs that intend to remain in their current location for the next twelve months","Remain
Return to AoO
Move elsewhere
Don’t know","male",0.753675213675214,"no_movement_12",0.202170665259653
"HH Profile, CCCM ","% of returnee HHs that intend to remain in their current location for the next twelve months","","female",0.952554744525547,"no_movement_returnee_12",0.0995917940964824
"HH Profile, CCCM ","% of returnee HHs that intend to remain in their current location for the next twelve months","","male",0.972382522671064,"no_movement_returnee_12",0.0995917940964824
"HH Profile, CCCM ","% of IDP HHs that intend to integrate into the local community of their current district in the long-term","","female",0.779255319148936,"integration",0.363662172922446
"HH Profile, CCCM ","% of IDP HHs that intend to integrate into the local community of their current district in the long-term","","male",0.756504336224149,"integration",0.363662172922446
"HH Profile, CCCM ","% of IDP HHs that currently intends to return to their AoO due to [insert response option]","Safety in AoO","female",0.63963963963964,"return_security_aoo",0.832369157391485
"HH Profile, CCCM ","% of IDP HHs that currently intends to return to their AoO due to [insert response option]","Safety in AoO","male",0.623839009287926,"return_security_aoo",0.832369157391485
"HH Profile, CCCM ","% of IDP HHs that currently intends to return to their AoO due to [insert response option]","Safety concerns in AoD","female",0.0630630630630631,"return_security_aod",0.770650747506591
"HH Profile, CCCM ","% of IDP HHs that currently intends to return to their AoO due to [insert response option]","Safety concerns in AoD","male",0.0510835913312693,"return_security_aod",0.770650747506591
"HH Profile, CCCM ","% of IDP HHs that currently intends to return to their AoO due to [insert response option]","Lack of livelihood in AoD","female",0.126126126126126,"return_livelihoods_aod",0.84837384846777
"HH Profile, CCCM ","% of IDP HHs that currently intends to return to their AoO due to [insert response option]","Lack of livelihood in AoD","male",0.114551083591331,"return_livelihoods_aod",0.84837384846777
"HH Profile, CCCM ","% of IDP HHs that currently intends to return to their AoO due to [insert response option]","to secure HLP ","female",0.045045045045045,"return_secure_hlp",0.631481350846515
"HH Profile, CCCM ","% of IDP HHs that currently intends to return to their AoO due to [insert response option]","to secure HLP ","male",0.0309597523219814,"return_secure_hlp",0.631481350846515
"HH Profile, CCCM ","% of IDP HHs that currently intends to return to their AoO due to [insert response option]","to secure civil documentation or security clearance","female",0.00900900900900901,"return_secure_docs",0.317496509579742
"HH Profile, CCCM ","% of IDP HHs that currently intends to return to their AoO due to [insert response option]","to secure civil documentation or security clearance","male",0,"return_secure_docs",0.317496509579742
"HH Profile, CCCM ","% of IDP HHs that currently intends to return to their AoO due to [insert response option]","Lack of access to basic services in AoD (e.g. health, education, courts)","female",0.126126126126126,"return_limited_services",0.38941401568912
"HH Profile, CCCM ","% of IDP HHs that currently intends to return to their AoO due to [insert response option]","Lack of access to basic services in AoD (e.g. health, education, courts)","male",0.0944272445820434,"return_limited_services",0.38941401568912
"HH Profile, CCCM ","% of IDP HHs that currently intends to return to their AoO due to [insert response option]","Availability of access to basic services and/or livelihood in AoO (e.g. health, education, courts)","female",0.45045045045045,"return_available_services_aoo",0.771932941596024
"HH Profile, CCCM ","% of IDP HHs that currently intends to return to their AoO due to [insert response option]","Availability of access to basic services and/or livelihood in AoO (e.g. health, education, courts)","male",0.470588235294118,"return_available_services_aoo",0.771932941596024
"HH Profile, CCCM ","% of IDP HHs that currently intends to return to their AoO due to [insert response option]","Social pull factors (e.g. emotional desire, family returned, family released from detention, lack integration AoD)","female",0.720720720720721,"return_pull_factors",0.0231596071195395
"HH Profile, CCCM ","% of IDP HHs that currently intends to return to their AoO due to [insert response option]","Social pull factors (e.g. emotional desire, family returned, family released from detention, lack integration AoD)","male",0.602167182662539,"return_pull_factors",0.0231596071195395
"HH Profile, CCCM ","% of IDP HHs that currently intends to return to their AoO due to [insert response option]","Mine/UXO contamination","female",0.126126126126126,"return_uxo",0.999999999999993
"HH Profile, CCCM ","% of IDP HHs that currently intends to return to their AoO due to [insert response option]","Mine/UXO contamination","male",0.130030959752322,"return_uxo",0.999999999999993
"HH Profile, CCCM ","% of IDP HHs that currently don't intend to return to their AoO due to [insert response option]","Safety concerns in AoO","female",0.49002849002849,"no_return_security_aoo",0.104841816169588
"HH Profile, CCCM ","% of IDP HHs that currently don't intend to return to their AoO due to [insert response option]","Safety concerns in AoO","male",0.523378582202112,"no_return_security_aoo",0.104841816169588
"HH Profile, CCCM ","% of IDP HHs that currently don't intend to return to their AoO due to [insert response option]","Lack of livelihood in AoO","female",0.497150997150997,"no_return_lack_livelihoods",0.320984935370867
"HH Profile, CCCM ","% of IDP HHs that currently don't intend to return to their AoO due to [insert response option]","Lack of livelihood in AoO","male",0.476432880844646,"no_return_lack_livelihoods",0.320984935370867
"HH Profile, CCCM ","% of IDP HHs that currently don't intend to return to their AoO due to [insert response option]","Lack of shelter in AoO","female",0.532763532763533,"no_return_lack_shelter",0.00966562708242255
"HH Profile, CCCM ","% of IDP HHs that currently don't intend to return to their AoO due to [insert response option]","Lack of shelter in AoO","male",0.480015082956259,"no_return_lack_shelter",0.00966562708242255
"HH Profile, CCCM ","% of IDP HHs that currently don't intend to return to their AoO due to [insert response option]","Lack of civil documentation or security clearance","female",0,"no_return_lack_docs",0.176172316267081
"HH Profile, CCCM ","% of IDP HHs that currently don't intend to return to their AoO due to [insert response option]","Lack of civil documentation or security clearance","male",0.00658271322266743,"no_return_lack_docs",0.176172316267081
"HH Profile, CCCM ","% of IDP HHs that currently don't intend to return to their AoO due to [insert response option]","Lack of access to basic services in AoD (e.g. health, education, courts)","female",0.0783475783475784,"no_return_lack_services",0.00123378752163024
"HH Profile, CCCM ","% of IDP HHs that currently don't intend to return to their AoO due to [insert response option]","Lack of access to basic services in AoD (e.g. health, education, courts)","male",0.120663650075415,"no_return_lack_services",0.00123378752163024
"HH Profile, CCCM ","% of IDP HHs that currently don't intend to return to their AoO due to [insert response option]","Pull factors to remain in AoD (e.g. education, family, health condition, living conditions)","female",0.213675213675214,"no_return_pull_factors",0.262022102251184
"HH Profile, CCCM ","% of IDP HHs that currently don't intend to return to their AoO due to [insert response option]","Pull factors to remain in AoD (e.g. education, family, health condition, living conditions)","male",0.194947209653092,"no_return_pull_factors",0.262022102251184
"HH Profile, CCCM ","% of IDP HHs that currently don't intend to return to their AoO due to [insert response option]","Mine/UXO contamination","female",0.102564102564103,"no_return_uxo",0.999999999999997
"HH Profile, CCCM ","% of IDP HHs that currently don't intend to return to their AoO due to [insert response option]","Mine/UXO contamination","male",0.101809954751131,"no_return_uxo",0.999999999999997
"Livelihoods","% HH with at least one adult (18+) unemployed and seeking work","","female",0.203420342034203,"unemployed_seeking_work",0.000209170417968568
"Livelihoods","% HH with at least one adult (18+) unemployed and seeking work","","male",0.159098908834917,"unemployed_seeking_work",0.000209170417968568
"Livelihoods","% HH with at least one female adult (18+) unemployed and seeking work","","female",0.147747747747748,"female_unemployed_seeking_work",5.45713183109948e-18
"Livelihoods","% HH with at least one female adult (18+) unemployed and seeking work","","male",0.0720132874599597,"female_unemployed_seeking_work",5.45713183109948e-18
"Livelihoods","% HH with at least one person under (<18) working","","female",0.106493506493506,"children_working",4.73226231205518e-08
"Livelihoods","% HH with at least one person under (<18) working","","male",0.0562215791649442,"children_working",4.73226231205518e-08
"Livelihoods","Main barriers to employment","Increased competition for jobs, not enough jobs","female",0.654867256637168,"employment_barrier_competition",0.000337701220123515
"Livelihoods","Main barriers to employment","Increased competition for jobs, not enough jobs","male",0.768607221812822,"employment_barrier_competition",0.000337701220123515
"Livelihoods","Main barriers to employment","Available jobs are too far away","female",0.163716814159292,"employment_barrier_too_far",0.799650783147889
"Livelihoods","Main barriers to employment","Available jobs are too far away","male",0.173176123802506,"employment_barrier_too_far",0.799650783147889
"Livelihoods","Main barriers to employment","Only low-skilled, socially degrading or low-paying jobs","female",0.0486725663716814,"employment_barrier_only_low_available",0.0603552807612591
"Livelihoods","Main barriers to employment","Only low-skilled, socially degrading or low-paying jobs","male",0.0884303610906411,"employment_barrier_only_low_available",0.0603552807612591
"Livelihoods","Main barriers to employment","Underqualified for available jobs","female",0.212389380530973,"employment_barrier_underqualified_for_jobs",0.00433525007614885
"Livelihoods","Main barriers to employment","Underqualified for available jobs","male",0.137067059690494,"employment_barrier_underqualified_for_jobs",0.00433525007614885
"Livelihoods","Main barriers to employment","Lack of family/personal connections","female",0.358407079646018,"employment_barrier_no_wasta",0.531492711192351
"Livelihoods","Main barriers to employment","Lack of family/personal connections","male",0.334561532792926,"employment_barrier_no_wasta",0.531492711192351
"Livelihoods","Main barriers to employment","Lack of livelihood/employment opportunities for women","female",0.31858407079646,"employment_barrier_lack_jobs_women",9.7469002950723e-10
"Livelihoods","Main barriers to employment","Lack of livelihood/employment opportunities for women","male",0.149594694178335,"employment_barrier_lack_jobs_women",9.7469002950723e-10
"Livelihoods","% of households whose average monthly income [from employment and pension] was less than 480,000 IQD/month","","female",0.795679567956796,"insufficient_income",1.6925573007245e-18
"Livelihoods","% of households whose average monthly income [from employment and pension] was less than 480,000 IQD/month","","male",0.664554734248504,"insufficient_income",1.6925573007245e-18
"Livelihoods","% HH with debt value > 505,000 IQD ","","female",0.390639063906391,"too_much_debt",1.99217431914663e-11
"Livelihoods","% HH with debt value > 505,000 IQD ","","male",0.498064061950018,"too_much_debt",1.99217431914663e-11
"Livelihoods","% HH unable to afford basic needs (% HH taking on debt due to healthcare, food, education, or basic household expenditures)","","female",0.87303664921466,"basic_services",0.684453786794993
"Livelihoods","% HH unable to afford basic needs (% HH taking on debt due to healthcare, food, education, or basic household expenditures)","","male",0.867016049787095,"basic_services",0.684453786794993
"Livelihoods, AAP","% of households relying  on humanitarian assistance as a primary  source of income","","female",0.159315931593159,"ngo_assistance",5.57853289508551e-23
"Livelihoods, AAP","% of households relying  on humanitarian assistance as a primary  source of income","","male",0.0722750205326763,"ngo_assistance",5.57853289508551e-23
"Livelihoods, Health","% of HH spending more than 25% of total expenditure on health","","female",0.290729072907291,"health_expenses",0.00136201175997172
"Livelihoods, Health","% of HH spending more than 25% of total expenditure on health","","male",0.245922797137158,"health_expenses",0.00136201175997172
"Protection","% HHs reporting risk of eviction","","female",0.0171017101710171,"risk_eviction",0.803664104882049
"Protection","% HHs reporting risk of eviction","","male",0.015604833978646,"risk_eviction",0.803664104882049
"Protection","% of HHs reporting to experience daytime movement restrictions","","female",0.405940594059406,"movement_restriction",0.104615360273404
"Protection","% of HHs reporting to experience daytime movement restrictions","","male",0.380265164848058,"movement_restriction",0.104615360273404
"Protection","% HH missing at least one key household or individual document ","","female",0.390639063906391,"hh_missing_doc",0.216201424429873
"Protection","% HH missing at least one key household or individual document ","","male",0.410536196175056,"hh_missing_doc",0.216201424429873
"Protection","% of HH with at least one child missing a key individual document","","female",0.343834383438344,"children_missing_doc",0.211499781834269
"Protection","% of HH with at least one child missing a key individual document","","male",0.363487035081544,"children_missing_doc",0.211499781834269
"Protection","% of households with presence of child marriage","","female",0.0142857142857143,"child_married",0.732040896196658
"Protection","% of households with presence of child marriage","","male",0.012134583563155,"child_married",0.732040896196658
"Protection, Health","% HH with children with psychosocial distress (proxy data with behaviour change)","","female",0.0467532467532468,"child_distress",0.000461103377993413
"Protection, Health","% HH with children with psychosocial distress (proxy data with behaviour change)","","male",0.0246217331499312,"child_distress",0.000461103377993413
"Protection, Health","% HH with adults with psychosocial distress (proxy data with behavior change)","","female",0.0711071107110711,"adult_distress",0.00796723314005128
"Protection, Health","% HH with adults with psychosocial distress (proxy data with behavior change)","","male",0.0515076850874105,"adult_distress",0.00796723314005128
"Protection, HLP","% of HHs lacking secure tenure","","female",0.0817916260954236,"lack_secure_tenure",0.0521828965521453
"Protection, HLP","% of HHs lacking secure tenure","","male",0.0651582591493571,"lack_secure_tenure",0.0521828965521453
"Protection, HLP","% of HHs lacking valid HLP documents","","female",0.480863591756624,"lack_hlp",0.795857707351111
"Protection, HLP","% of HHs lacking valid HLP documents","","male",0.485714285714286,"lack_hlp",0.795857707351111
"SNFI","% HHs reporting at least 2 shelter improvements","","female",0.147614761476148,"shelter_2_improvements",0.660462208822498
"SNFI","% HHs reporting at least 2 shelter improvements","","male",0.142203449489616,"shelter_2_improvements",0.660462208822498
"WASH","% of HHs without access to an improved water source","","female",0.0585058505850585,"imptoved_water_source",0.864587747803868
"WASH","% of HHs without access to an improved water source","","male",0.0603074034964214,"imptoved_water_source",0.864587747803868
"WASH","% of HHs without access to [type of water source]","improved","female",0.941494149414941,"water_source",0.864587747803868
"WASH","% of HHs without access to [type of water source]","unimproved","female",0.0585058505850585,"water_source",0.864587747803868
"WASH","% of HHs without access to [type of water source]","improved","male",0.939692596503579,"water_source",0.864587747803868
"WASH","% of HHs without access to [type of water source]","unimproved","male",0.0603074034964214,"water_source",0.864587747803868
"WASH","% of households without access to a sufficient quantity of water for drinking and domestic purposes","","female",0.635463546354635,"insufficient_amount_water",8.11763089987451e-05
"WASH","% of households without access to a sufficient quantity of water for drinking and domestic purposes","","male",0.694239117681568,"insufficient_amount_water",8.11763089987451e-05
"WASH","% HH with access to improved functional sanitation facilities ","","female",0.241224122412241,"improved_sanitation",8.99408980527082e-20
"WASH","% HH with access to improved functional sanitation facilities ","","male",0.13727560718057,"improved_sanitation",8.99408980527082e-20
"WASH","% HH treating their water prior to drinking","","female",0.35013501350135,"treat_water",0.0534355070624567
"WASH","% HH treating their water prior to drinking","","male",0.380499824005632,"treat_water",0.0534355070624567
