"Sector","Indicator","Sub Indicator","Percentages","variable_name","year"
"AAP","% of HHs reported having received aid in the 30 days prior to data collection","",0.0636017390332064,"received_aid","2021"
"AAP","% of HHs reporting to have received [type of aid]","Cash",0.45152548494526,"received_aid_cash","2021"
"AAP","% of HHs reporting to have received [type of aid]","Food",0.605992899604601,"received_aid_food","2021"
"AAP","% of HHs reporting to have received [type of aid]","Water",0.015847329401843,"received_aid_water","2021"
"AAP","% of HHs reporting to have received [type of aid]","Fuel",0.00740210924991477,"received_aid_fuel","2021"
"AAP","% of HHs reporting to have received [type of aid]","Shelter",0.00535445362127874,"received_aid_shelter","2021"
"AAP","% of HHs reporting to have received [type of aid]","Seasonal items",0.00953864952661862,"received_aid_seasonal_items","2021"
"AAP","% of HHs reporting to have received [type of aid]","Other non-food items",0.00234205327176528,"received_aid_other_nfi","2021"
"AAP","% of HHs reporting to have received [type of aid]","Protection/legal services",0.0071988641819306,"received_aid_protection","2021"
"AAP","% of HHs reporting to have received [type of aid]","Education services",0.154519952063958,"received_aid_education","2021"
"AAP","% of HHs reporting to have received [type of aid]","Healthcare",0.0457273157051624,"received_aid_healthcare","2021"
"AAP","% of HHs reporting to have received [type of aid]","none",0,"received_aid_none","2021"
"AAP","% of HHs reporting to be satisfied with the aid received","",0.639658624239076,"aid_satisfaction","2021"
"CCCM, Shelter, Protection","% of HHs living in critical shelter","",0.114412325702395,"critical_shelter","2021"
"CCCM, Shelter, Protection","% of HHs living in [type of shelter]","damaged_habitual",0.0750173990003051,"shelter.shelter_type","2021"
"CCCM, Shelter, Protection","% of HHs living in [type of shelter]","damaged_rental",0.0377239145747389,"shelter.shelter_type","2021"
"CCCM, Shelter, Protection","% of HHs living in [type of shelter]","good_habitual",0.523304131563819,"shelter.shelter_type","2021"
"CCCM, Shelter, Protection","% of HHs living in [type of shelter]","good_rental",0.18549436136964,"shelter.shelter_type","2021"
"CCCM, Shelter, Protection","% of HHs living in [type of shelter]","host_family",0.0356366006504799,"shelter.shelter_type","2021"
"CCCM, Shelter, Protection","% of HHs living in [type of shelter]","hotel",0.00294921294891921,"shelter.shelter_type","2021"
"CCCM, Shelter, Protection","% of HHs living in [type of shelter]","makeshift_shelter",0.00620715755820659,"shelter.shelter_type","2021"
"CCCM, Shelter, Protection","% of HHs living in [type of shelter]","non_residential",0.0137432643121031,"shelter.shelter_type","2021"
"CCCM, Shelter, Protection","% of HHs living in [type of shelter]","other",0.0254620541897023,"shelter.shelter_type","2021"
"CCCM, Shelter, Protection","% of HHs living in [type of shelter]","public_building",0.00350065147396722,"shelter.shelter_type","2021"
"CCCM, Shelter, Protection","% of HHs living in [type of shelter]","religious_building",0.00278713359171615,"shelter.shelter_type","2021"
"CCCM, Shelter, Protection","% of HHs living in [type of shelter]","rhu",0.0139099907534431,"shelter.shelter_type","2021"
"CCCM, Shelter, Protection","% of HHs living in [type of shelter]","tent",0.0302982773658267,"shelter.shelter_type","2021"
"CCCM, Shelter, Protection","% of HHs living in [type of shelter]","unfinished_building",0.0439658506471326,"shelter.shelter_type","2021"
"Education","% of households with at least one school-aged child not attending formal school regularly (at least 4 days a week)","",0.316882740745289,"not_attending_formal","2021"
"Education","% of households with at least one female school-aged child not attending formal school regularly (at least 4 days a week)","",0.291941547171264,"female_not_attending_formal","2021"
"Education","% of households with at least one male school-aged child not attending formal school regularly (at least 4 days a week)","",0.248924031901082,"male_not_attending_formal","2021"
"Education","% of HHs with at least one child dropping out in previous academic year","",0.16766300526744,"dropped_from_school","2021"
"Education","Main barriers to education","School stopped functioning and is now closed",0.0998174754801253,"education_barriers_not_function","2021"
"Education","Main barriers to education","Lack of safety to access schools",0.0223113652385332,"education_barriers_safety","2021"
"Education","Main barriers to education","Costs related to education",0.258210797950515,"education_barriers_cost","2021"
"Education","Main barriers to education","Unable to enroll/register",0.0983483017939475,"education_barriers_unable_to_register","2021"
"Education","Main barriers to education","Health condition of child",0.109246995556217,"education_barriers_health_issue","2021"
"Education","Main barriers to education","Physical limitations to access school ",0.110708040432887,"education_barriers_physical_limitation","2021"
"Education","Main barriers to education","School and classes are overcrowded",0.00647570348671206,"education_barriers_overcrowded","2021"
"Education","Main barriers to education","The school infrastructure is poor",0.0273842469159717,"education_barriers_poor_infrastructure","2021"
"Education","Main barriers to education","Curriculum not adapted",0.0171920272988296,"education_barriers_curriculum_not_adapted","2021"
"Education","Main barriers to education","Child working",0.0654783199733031,"education_barriers_working","2021"
"Education","Main barriers to education","parental refusal",0.0394714714440415,"education_barriers_parental_refusal","2021"
"Education","Main barriers to education","Lack of interest of children in education.",0.127892383185794,"education_barriers_lack_interest","2021"
"Education","Main barriers to education","Unable to access distance learning: household does not have the required resources",0.043428792920339,"education_barriers_distance_learning_lack_resources","2021"
"Education","Main barriers to education","Unable to access distance learning: school is not offering alternative education while school buildings are closed",0.0408364636063182,"education_barriers_distance_learning_no_alternative","2021"
"Education","Main barriers to education","None",0.158226208804199,"education_barriers_none","2021"
"Education","Main barriers to education","Other",0.0254154826127685,"education_barriers_other","2021"
"Food Security","Food Consumption Score","Acceptable",0.896776443519301,"fcs_category","2021"
"Food Security","Food Consumption Score","Borderline",0.072189510700091,"fcs_category","2021"
"Food Security","Food Consumption Score","Poor",0.0310340457806077,"fcs_category","2021"
"Food Security","Household Hunger Scale","Little to no hunger in the household (0-1)",0.928459408555465,"household_hunger_category","2021"
"Food Security","Household Hunger Scale","Moderate hunger in the household (2-3)",0.0672163985498378,"household_hunger_category","2021"
"Food Security","Household Hunger Scale","Severe hunger in the household (4-6)",0.00432419289469716,"household_hunger_category","2021"
"Food Security, Livelihoods","% of HH relying on negative coping strategies (stress, crisis or emergency) to cope with a lack of food or money to buy food","Stress",0.654818700196372,"stress","2021"
"Food Security, Livelihoods","% of HH relying on negative coping strategies (stress, crisis or emergency) to cope with a lack of food or money to buy food","Crisis",0.248488566856278,"crisis","2021"
"Food Security, Livelihoods","% of HH relying on negative coping strategies (stress, crisis or emergency) to cope with a lack of food or money to buy food","Emergency",0.113422258623977,"emergency","2021"
"Food Security, Livelihoods","% of HH spending more than 50% of total expenditure on food","",0.594855930827295,"food_expenditure_share","2021"
"Health","% of households with  a hospital with emergency, maternity, surgical and pediatric services within one hour's reach from dwellings","",0.615811642539579,"hospital_access_services","2021"
"Health","% of households that can access primary healthcare (health clinic) within one hour's walk from dwellings","",0.995643280242238,"clinic_access","2021"
"Health","% HH reporting difficulties in accessing health services","",0.501954452572401,"difficulty_access_healthcare","2021"
"Health","% HH reporting [type of difficulty] in accessing health services","Cost of services and/or medicine was too high",0.752052487827643,"difficulty_access_healthcare_cost","2021"
"Health","% HH reporting [type of difficulty] in accessing health services","Did not get access to qualified health staff at the health facility",0.0367117824029082,"difficulty_access_healthcare_lack_qualified_staff","2021"
"Health","% HH reporting [type of difficulty] in accessing health services","Problems with civil documents",0.0019461646711803,"difficulty_access_healthcare_lack_civil_doc","2021"
"Health","% HH reporting [type of difficulty] in accessing health services","Public health clinic did not provide referral",0.0254660694202985,"difficulty_access_healthcare_no_referral_phc","2021"
"Health","% HH reporting [type of difficulty] in accessing health services","Public health clinic not open",0.0269670073869064,"difficulty_access_healthcare_phc_closed","2021"
"Health","% HH reporting [type of difficulty] in accessing health services","The treatment center was too far away/Transportation constraints",0.139283994119136,"difficulty_access_healthcare_too_far","2021"
"Health","% HH reporting [type of difficulty] in accessing health services","Medical staff refused treatment without any excuse",0.00403201571483127,"difficulty_access_healthcare_staff_refused_treatment","2021"
"Health","% HH reporting [type of difficulty] in accessing health services","No medicine available at health facility/pharmacy",0.123342268266976,"difficulty_access_healthcare_lack_medicine","2021"
"Health","% HH reporting [type of difficulty] in accessing health services","No treatment available for my disease at the health facility",0.0993572083088694,"difficulty_access_healthcare_no_treatment_phc","2021"
"Health","% HH reporting [type of difficulty] in accessing health services","Health services not inclusive of people with disabilities",0.00797075821008675,"difficulty_access_healthcare_not_inclusive_disability","2021"
"Health","% HH reporting [type of difficulty] in accessing health services","Lack of female health staff",0.0111956420215039,"difficulty_access_healthcare_no_female_staff","2021"
"Health, Protection","% HH with at least on individual that has ""lots of difficulty"" or ""cannot do at all"" one of the following activities: seeing, hearing, walking/climbing steps, remembering/concerntrating, self-care, communicating","",0.112195377824925,"members_disabled","2021"
"Health, Protection","% of households with members unable to access one or more services due to disability","",0.414114149116664,"difficulty_disability_services","2021"
"Health, Protection GBV","% of households reporting that women of reproductive age (15-49) face difficulty in accessing specialized reproductive health services","",0.201883334422602,"difficulty_accessing_female_services","2021"
"HH profile","% of female-headed households","",0.11228182169045,"female_headed","2021"
"HH profile","% of single headed households","",0.108747824092242,"single_headed","2021"
"HH Profile, CCCM ","% of IDP HHs that intend to remain in their current location for the next three months","Remain
Return to AoO
Move elsewhere
Don’t know",0.911386407824646,"no_movement_3","2021"
"HH Profile, CCCM ","% of IDP HHs that intend to remain in their current location for the next twelve months","Remain
Return to AoO
Move elsewhere
Don’t know",0.83104389070209,"no_movement_12","2021"
"HH Profile, CCCM ","% of returnee HHs that intend to remain in their current location for the next twelve months","",0.935510060650651,"no_movement_returnee_12","2021"
"HH Profile, CCCM ","% of IDP HHs that intend to integrate into the local community of their current district in the long-term","",0.791673985865677,"integration","2021"
"HH Profile, CCCM ","% of IDP HHs that currently intends to return to their AoO due to [insert response option]","Safety in AoO",0.347704924186418,"return_security_aoo","2021"
"HH Profile, CCCM ","% of IDP HHs that currently intends to return to their AoO due to [insert response option]","Safety concerns in AoD",0.0643826681028666,"return_security_aod","2021"
"HH Profile, CCCM ","% of IDP HHs that currently intends to return to their AoO due to [insert response option]","Lack of livelihood in AoD",0.138586335830563,"return_livelihoods_aod","2021"
"HH Profile, CCCM ","% of IDP HHs that currently intends to return to their AoO due to [insert response option]","to secure HLP ",0.115790713236254,"return_secure_hlp","2021"
"HH Profile, CCCM ","% of IDP HHs that currently intends to return to their AoO due to [insert response option]","to secure civil documentation or security clearance",0.00703090007908731,"return_secure_docs","2021"
"HH Profile, CCCM ","% of IDP HHs that currently intends to return to their AoO due to [insert response option]","Lack of access to basic services in AoD (e.g. health, education, courts)",0.0618610391384014,"return_limited_services","2021"
"HH Profile, CCCM ","% of IDP HHs that currently intends to return to their AoO due to [insert response option]","Availability of access to basic services and/or livelihood in AoO (e.g. health, education, courts)",0.397002998761377,"return_available_services_aoo","2021"
"HH Profile, CCCM ","% of IDP HHs that currently intends to return to their AoO due to [insert response option]","Social pull factors (e.g. emotional desire, family returned, family released from detention, lack integration AoD)",0.486554130478262,"return_pull_factors","2021"
"HH Profile, CCCM ","% of IDP HHs that currently intends to return to their AoO due to [insert response option]","Mine/UXO contamination",0.126787064390228,"return_uxo","2021"
"HH Profile, CCCM ","% of IDP HHs that currently don't intend to return to their AoO due to [insert response option]","Safety concerns in AoO",0.577753578300726,"no_return_security_aoo","2021"
"HH Profile, CCCM ","% of IDP HHs that currently don't intend to return to their AoO due to [insert response option]","Lack of livelihood in AoO",0.466776805736252,"no_return_lack_livelihoods","2021"
"HH Profile, CCCM ","% of IDP HHs that currently don't intend to return to their AoO due to [insert response option]","Lack of shelter in AoO",0.416533944461676,"no_return_lack_shelter","2021"
"HH Profile, CCCM ","% of IDP HHs that currently don't intend to return to their AoO due to [insert response option]","Lack of civil documentation or security clearance",0.00224394890342886,"no_return_lack_docs","2021"
"HH Profile, CCCM ","% of IDP HHs that currently don't intend to return to their AoO due to [insert response option]","Lack of access to basic services in AoD (e.g. health, education, courts)",0.147066496749422,"no_return_lack_services","2021"
"HH Profile, CCCM ","% of IDP HHs that currently don't intend to return to their AoO due to [insert response option]","Pull factors to remain in AoD (e.g. education, family, health condition, living conditions)",0.198499006651413,"no_return_pull_factors","2021"
"HH Profile, CCCM ","% of IDP HHs that currently don't intend to return to their AoO due to [insert response option]","Mine/UXO contamination",0.0840743008805936,"no_return_uxo","2021"
"Livelihoods","% HH with at least one adult (18+) unemployed and seeking work","",0.260108225268351,"unemployed_seeking_work","2021"
"Livelihoods","% HH with at least one female adult (18+) unemployed and seeking work","",0.14350422657819,"female_unemployed_seeking_work","2021"
"Livelihoods","% HH with at least one person under (<18) working","",0.0568751650276654,"children_working","2021"
"Livelihoods","Main barriers to employment","Increased competition for jobs, not enough jobs",0.750968306380828,"employment_barrier_competition","2021"
"Livelihoods","Main barriers to employment","Available jobs are too far away",0.158674547521653,"employment_barrier_too_far","2021"
"Livelihoods","Main barriers to employment","Only low-skilled, socially degrading or low-paying jobs",0.0652870163527168,"employment_barrier_only_low_available","2021"
"Livelihoods","Main barriers to employment","Underqualified for available jobs",0.11206578873687,"employment_barrier_underqualified_for_jobs","2021"
"Livelihoods","Main barriers to employment","Lack of family/personal connections",0.132693289049757,"employment_barrier_no_wasta","2021"
"Livelihoods","Main barriers to employment","Lack of livelihood/employment opportunities for women",0.171422394961092,"employment_barrier_lack_jobs_women","2021"
"Livelihoods","% of households whose average monthly income [from employment and pension] was less than 480,000 IQD/month","",0.624183746733583,"insufficient_income","2021"
"Livelihoods","% of HHs reporting a barrier to an operational marketplace","",0.145567504888914,"market_barrier","2021"
"Livelihoods","% HH with debt value > 505,000 IQD ","",0.573978434983212,"too_much_debt","2021"
"Livelihoods","% HH unable to afford basic needs (% HH taking on debt due to healthcare, food, education, or basic household expenditures)","",0.770990472197496,"basic_services","2021"
"Livelihoods, AAP","% of households relying  on humanitarian assistance as a primary  source of income","",0.0200859664399638,"ngo_assistance","2021"
"Livelihoods, Health","% of HH spending more than 25% of total expenditure on health","",0.367692866767709,"health_expenses","2021"
"Protection","% HHs reporting risk of eviction","",0.0487518570237364,"risk_eviction","2021"
"Protection","% of HHs reporting to experience daytime movement restrictions","",0.172742228198171,"movement_restriction","2021"
"Protection","% HH missing at least one key household or individual document ","",0.179877281877889,"hh_missing_doc","2021"
"Protection","% of HH with at least one child missing a key individual document","",0.148917728375546,"children_missing_doc","2021"
"Protection","% of households with presence of child marriage","",0.0104493537262748,"child_married","2021"
"Protection, Health","% HH with children with psychosocial distress (proxy data with behaviour change)","",0.0664631463332003,"child_distress","2021"
"Protection, Health","% HH with adults with psychosocial distress (proxy data with behavior change)","",0.132759816359485,"adult_distress","2021"
"Protection, HLP","% of HHs lacking secure tenure","",0.0962824675083559,"lack_secure_tenure","2021"
"Protection, HLP","% of HHs lacking valid HLP documents","",0.434653886908792,"lack_hlp","2021"
"SNFI","% HHs reporting at least 2 shelter improvements","",0.280281617087036,"shelter_2_improvements","2021"
"WASH","% of HHs without access to an improved water source","",0.153982231293533,"imptoved_water_source","2021"
"WASH","% of HHs without access to [type of water source]","improved",0.846017768706466,"water_source","2021"
"WASH","% of HHs without access to [type of water source]","unimproved",0.153982231293533,"water_source","2021"
"WASH","% of households without access to a sufficient quantity of water for drinking and domestic purposes","",0.837811468217303,"insufficient_amount_water","2021"
"WASH","% HH with access to improved functional sanitation facilities ","",0.976501833570024,"improved_sanitation","2021"
"WASH","% of households reporting problems related to water quality","",0.536172408496671,"problem_water_quality","2021"
"WASH","% HH treating their water prior to drinking","",0.623858754645602,"treat_water","2021"
"AAP","% of HHs reported having received aid in the 30 days prior to data collection","",0.102416386799907,"received_aid","2020"
"AAP","% of HHs reporting to have received [type of aid]","Cash",0.276522026499001,"received_aid_cash","2020"
"AAP","% of HHs reporting to have received [type of aid]","Food",0.896503284999297,"received_aid_food","2020"
"AAP","% of HHs reporting to have received [type of aid]","Water",0.0113942750544784,"received_aid_water","2020"
"AAP","% of HHs reporting to have received [type of aid]","Fuel",0.000580571875267003,"received_aid_fuel","2020"
"AAP","% of HHs reporting to have received [type of aid]","Shelter",0,"received_aid_shelter","2020"
"AAP","% of HHs reporting to have received [type of aid]","Seasonal items",0.0527350606044399,"received_aid_seasonal_items","2020"
"AAP","% of HHs reporting to have received [type of aid]","Other non-food items",0.214192938583489,"received_aid_other_nfi","2020"
"AAP","% of HHs reporting to have received [type of aid]","Protection/legal services",0.000563437203554847,"received_aid_protection","2020"
"AAP","% of HHs reporting to have received [type of aid]","Education services",0.000174679679183688,"received_aid_education","2020"
"AAP","% of HHs reporting to have received [type of aid]","Healthcare",0.189861768239367,"received_aid_healthcare","2020"
"AAP","% of HHs reporting to be satisfied with the aid received","",0.83902360361628,"aid_satisfaction","2020"
"CCCM, Shelter, Protection","% of HHs living in critical shelter","",0.102909083703297,"critical_shelter","2020"
"CCCM, Shelter, Protection","% of HHs living in [type of shelter]","apartment",0.0237571655997185,"shelter.shelter_type","2020"
"CCCM, Shelter, Protection","% of HHs living in [type of shelter]","container",0.0106339166821269,"shelter.shelter_type","2020"
"CCCM, Shelter, Protection","% of HHs living in [type of shelter]","damaged_building",0.0130560860036633,"shelter.shelter_type","2020"
"CCCM, Shelter, Protection","% of HHs living in [type of shelter]","hotel",0.000938852704857767,"shelter.shelter_type","2020"
"CCCM, Shelter, Protection","% of HHs living in [type of shelter]","house",0.870591914664992,"shelter.shelter_type","2020"
"CCCM, Shelter, Protection","% of HHs living in [type of shelter]","makeshift_shelter",0.00436720832968249,"shelter.shelter_type","2020"
"CCCM, Shelter, Protection","% of HHs living in [type of shelter]","non_residential",0.00188764585310325,"shelter.shelter_type","2020"
"CCCM, Shelter, Protection","% of HHs living in [type of shelter]","other",0.00180298332713522,"shelter.shelter_type","2020"
"CCCM, Shelter, Protection","% of HHs living in [type of shelter]","public_building",0.000421932701223323,"shelter.shelter_type","2020"
"CCCM, Shelter, Protection","% of HHs living in [type of shelter]","religious_building",0.00046875701328251,"shelter.shelter_type","2020"
"CCCM, Shelter, Protection","% of HHs living in [type of shelter]","rhu",0.000570796140969213,"shelter.shelter_type","2020"
"CCCM, Shelter, Protection","% of HHs living in [type of shelter]","tent",0.0465838729203862,"shelter.shelter_type","2020"
"CCCM, Shelter, Protection","% of HHs living in [type of shelter]","unfinished_abandoned_building",0.0249188680588596,"shelter.shelter_type","2020"
"Education","% of households with at least one school-aged child not attending formal school regularly (at least 4 days a week)","",0.136031285715855,"not_attending_formal","2020"
"Education","% of households with at least one female school-aged child not attending formal school regularly (at least 4 days a week)","",0.125574955888757,"female_not_attending_formal","2020"
"Education","% of households with at least one male school-aged child not attending formal school regularly (at least 4 days a week)","",0.0879602747287788,"male_not_attending_formal","2020"
"Education","% of HHs with at least one child dropping out in previous academic year","",0.183111943739513,"dropped_from_school","2020"
"Education","Main barriers to education","School stopped functioning and is now closed",0.228319948858891,"education_barriers_not_function","2020"
"Education","Main barriers to education","Lack of safety to access schools",0.0309091189242206,"education_barriers_safety","2020"
"Education","Main barriers to education","Costs related to education",0.258046343180842,"education_barriers_cost","2020"
"Education","Main barriers to education","Unable to enroll/register",0.0611056423929003,"education_barriers_unable_to_register","2020"
"Education","Main barriers to education","Physical limitations to access school ",0.104387395426533,"education_barriers_physical_limitation","2020"
"Education","Main barriers to education","School and classes are overcrowded",0.0213378698179326,"education_barriers_overcrowded","2020"
"Education","Main barriers to education","The school infrastructure is poor",0.0133490754834767,"education_barriers_poor_infrastructure","2020"
"Education","Main barriers to education","Curriculum not adapted",0.0241025280153064,"education_barriers_curriculum_not_adapted","2020"
"Education","Main barriers to education","Child working",0.0560296978870993,"education_barriers_working","2020"
"Education","Main barriers to education","parental refusal",0.0483088535779516,"education_barriers_parental_refusal","2020"
"Education","Main barriers to education","Lack of interest of children in education.",0.24909347084308,"education_barriers_lack_interest","2020"
"Education","Main barriers to education","Other",0.0660988989802326,"education_barriers_other","2020"
"Food Security","Food Consumption Score","Acceptable",0.973294332155869,"fcs_category","2020"
"Food Security","Food Consumption Score","Borderline",0.0224092256210742,"fcs_category","2020"
"Food Security","Food Consumption Score","Poor",0.00429644222305668,"fcs_category","2020"
"Food Security","Household Hunger Scale","Little to no hunger in the household (0-1)",0.97394787576163,"household_hunger_category","2020"
"Food Security","Household Hunger Scale","Moderate hunger in the household (2-3)",0.0250374711732839,"household_hunger_category","2020"
"Food Security","Household Hunger Scale","Severe hunger in the household (4-6)",0.00101465306508667,"household_hunger_category","2020"
"Food Security, Livelihoods","% of HH relying on negative coping strategies (stress, crisis or emergency) to cope with a lack of food or money to buy food","Stress",0.593225673496097,"stress","2020"
"Food Security, Livelihoods","% of HH relying on negative coping strategies (stress, crisis or emergency) to cope with a lack of food or money to buy food","Crisis",0.108004352423163,"crisis","2020"
"Food Security, Livelihoods","% of HH relying on negative coping strategies (stress, crisis or emergency) to cope with a lack of food or money to buy food","Emergency",0.0924229764370134,"emergency","2020"
"Food Security, Livelihoods","% of HH spending more than 50% of total expenditure on food","",0.736979024162805,"food_expenditure_share","2020"
"Health","% of households with  a hospital with emergency, maternity, surgical and pediatric services within one hour's reach from dwellings","",0.513796006575059,"hospital_access_services","2020"
"Health","% of households that can access primary healthcare (health clinic) within one hour's walk from dwellings","",0.962573654089865,"clinic_access","2020"
"Health","% HH reporting difficulties in accessing health services","",0.687491125895238,"difficulty_access_healthcare","2020"
"Health","% HH reporting [type of difficulty] in accessing health services","Cost of services and/or medicine was too high",0.563673671971112,"difficulty_access_healthcare_cost","2020"
"Health","% HH reporting [type of difficulty] in accessing health services","Did not get access to qualified health staff at the health facility",0.0145672435519016,"difficulty_access_healthcare_lack_qualified_staff","2020"
"Health","% HH reporting [type of difficulty] in accessing health services","Problems with civil documents",0.000750748998185838,"difficulty_access_healthcare_lack_civil_doc","2020"
"Health","% HH reporting [type of difficulty] in accessing health services","Public health clinic did not provide referral",0.00880330372331878,"difficulty_access_healthcare_no_referral_phc","2020"
"Health","% HH reporting [type of difficulty] in accessing health services","Public health clinic not open",0.0113443819281846,"difficulty_access_healthcare_phc_closed","2020"
"Health","% HH reporting [type of difficulty] in accessing health services","The treatment center was too far away/Transportation constraints",0.0433563161362673,"difficulty_access_healthcare_too_far","2020"
"Health","% HH reporting [type of difficulty] in accessing health services","Medical staff refused treatment without any excuse",0.000507519755398042,"difficulty_access_healthcare_staff_refused_treatment","2020"
"Health","% HH reporting [type of difficulty] in accessing health services","No medicine available at health facility/pharmacy",0.271401996275293,"difficulty_access_healthcare_lack_medicine","2020"
"Health","% HH reporting [type of difficulty] in accessing health services","No treatment available for my disease at the health facility",0.165942294481717,"difficulty_access_healthcare_no_treatment_phc","2020"
"Health","% HH reporting [type of difficulty] in accessing health services","Health services not inclusive of people with disabilities",0.0111553962336308,"difficulty_access_healthcare_not_inclusive_disability","2020"
"Health","% HH reporting [type of difficulty] in accessing health services","Lack of female health staff",0.000985761651617987,"difficulty_access_healthcare_no_female_staff","2020"
"Health, Protection","% HH with at least on individual that has ""lots of difficulty"" or ""cannot do at all"" one of the following activities: seeing, hearing, walking/climbing steps, remembering/concerntrating, self-care, communicating","",0.0964483245247395,"members_disabled","2020"
"Health, Protection","% of households with members unable to access one or more services due to disability","",0.381660274376914,"difficulty_disability_services","2020"
"Health, Protection GBV","% of households reporting that women of reproductive age (15-49) face difficulty in accessing specialized reproductive health services","",0.276625078100218,"difficulty_accessing_female_services","2020"
"HH profile","% of female-headed households","",0.087856998704148,"female_headed","2020"
"HH profile","% of single headed households","",0.0993351657398467,"single_headed","2020"
"HH Profile, CCCM ","% of IDP HHs that intend to remain in their current location for the next three months","Remain
Return to AoO
Move elsewhere
Don’t know",0.929913771689612,"no_movement_3","2020"
"HH Profile, CCCM ","% of IDP HHs that intend to remain in their current location for the next twelve months","Remain
Return to AoO
Move elsewhere
Don’t know",0.75853230267715,"no_movement_12","2020"
"HH Profile, CCCM ","% of returnee HHs that intend to remain in their current location for the next twelve months","",0.979451251763015,"no_movement_returnee_12","2020"
"HH Profile, CCCM ","% of IDP HHs that intend to integrate into the local community of their current district in the long-term","",0.800444567071332,"integration","2020"
"HH Profile, CCCM ","% of IDP HHs that currently intends to return to their AoO due to [insert response option]","Safety in AoO",0.639428844255672,"return_security_aoo","2020"
"HH Profile, CCCM ","% of IDP HHs that currently intends to return to their AoO due to [insert response option]","Safety concerns in AoD",0.0509470659455706,"return_security_aod","2020"
"HH Profile, CCCM ","% of IDP HHs that currently intends to return to their AoO due to [insert response option]","Lack of livelihood in AoD",0.136005902554206,"return_livelihoods_aod","2020"
"HH Profile, CCCM ","% of IDP HHs that currently intends to return to their AoO due to [insert response option]","to secure HLP ",0.0452767052577184,"return_secure_hlp","2020"
"HH Profile, CCCM ","% of IDP HHs that currently intends to return to their AoO due to [insert response option]","to secure civil documentation or security clearance",0.000287160705512551,"return_secure_docs","2020"
"HH Profile, CCCM ","% of IDP HHs that currently intends to return to their AoO due to [insert response option]","Lack of access to basic services in AoD (e.g. health, education, courts)",0.116759700311763,"return_limited_services","2020"
"HH Profile, CCCM ","% of IDP HHs that currently intends to return to their AoO due to [insert response option]","Availability of access to basic services and/or livelihood in AoO (e.g. health, education, courts)",0.419400165608877,"return_available_services_aoo","2020"
"HH Profile, CCCM ","% of IDP HHs that currently intends to return to their AoO due to [insert response option]","Social pull factors (e.g. emotional desire, family returned, family released from detention, lack integration AoD)",0.661670006621086,"return_pull_factors","2020"
"HH Profile, CCCM ","% of IDP HHs that currently intends to return to their AoO due to [insert response option]","Mine/UXO contamination",0.0812855937850046,"return_uxo","2020"
"HH Profile, CCCM ","% of IDP HHs that currently don't intend to return to their AoO due to [insert response option]","Safety concerns in AoO",0.516645397479674,"no_return_security_aoo","2020"
"HH Profile, CCCM ","% of IDP HHs that currently don't intend to return to their AoO due to [insert response option]","Lack of livelihood in AoO",0.496614946713859,"no_return_lack_livelihoods","2020"
"HH Profile, CCCM ","% of IDP HHs that currently don't intend to return to their AoO due to [insert response option]","Lack of shelter in AoO",0.47025685363283,"no_return_lack_shelter","2020"
"HH Profile, CCCM ","% of IDP HHs that currently don't intend to return to their AoO due to [insert response option]","Lack of civil documentation or security clearance",0.00546526359309022,"no_return_lack_docs","2020"
"HH Profile, CCCM ","% of IDP HHs that currently don't intend to return to their AoO due to [insert response option]","Lack of access to basic services in AoD (e.g. health, education, courts)",0.130538246721308,"no_return_lack_services","2020"
"HH Profile, CCCM ","% of IDP HHs that currently don't intend to return to their AoO due to [insert response option]","Pull factors to remain in AoD (e.g. education, family, health condition, living conditions)",0.216927388858693,"no_return_pull_factors","2020"
"HH Profile, CCCM ","% of IDP HHs that currently don't intend to return to their AoO due to [insert response option]","Mine/UXO contamination",0.0765383820578727,"no_return_uxo","2020"
"Livelihoods","% HH with at least one adult (18+) unemployed and seeking work","",0.148520799857055,"unemployed_seeking_work","2020"
"Livelihoods","% HH with at least one female adult (18+) unemployed and seeking work","",0.086117738431121,"female_unemployed_seeking_work","2020"
"Livelihoods","% HH with at least one person under (<18) working","",0.0563885922782478,"children_working","2020"
"Livelihoods","Main barriers to employment","Increased competition for jobs, not enough jobs",0.684546007449549,"employment_barrier_competition","2020"
"Livelihoods","Main barriers to employment","Available jobs are too far away",0.123674429718224,"employment_barrier_too_far","2020"
"Livelihoods","Main barriers to employment","Only low-skilled, socially degrading or low-paying jobs",0.0597740938932863,"employment_barrier_only_low_available","2020"
"Livelihoods","Main barriers to employment","Underqualified for available jobs",0.136262022183774,"employment_barrier_underqualified_for_jobs","2020"
"Livelihoods","Main barriers to employment","Lack of family/personal connections",0.367745672531798,"employment_barrier_no_wasta","2020"
"Livelihoods","Main barriers to employment","Lack of livelihood/employment opportunities for women",0.23030160787292,"employment_barrier_lack_jobs_women","2020"
"Livelihoods","% of households whose average monthly income [from employment and pension] was less than 480,000 IQD/month","",0.618424030407895,"insufficient_income","2020"
"Livelihoods","% HH with debt value > 505,000 IQD ","",0.546067446587976,"too_much_debt","2020"
"Livelihoods","% HH unable to afford basic needs (% HH taking on debt due to healthcare, food, education, or basic household expenditures)","",0.793013877607964,"basic_services","2020"
"Livelihoods, AAP","% of households relying  on humanitarian assistance as a primary  source of income","",0.0214663340784481,"ngo_assistance","2020"
"Livelihoods, Health","% of HH spending more than 25% of total expenditure on health","",0.246082093042632,"health_expenses","2020"
"Protection","% HHs reporting risk of eviction","",0.0194788234270642,"risk_eviction","2020"
"Protection","% of HHs reporting to experience daytime movement restrictions","",0.42410405854864,"movement_restriction","2020"
"Protection","% HH missing at least one key household or individual document ","",0.540481230171254,"hh_missing_doc","2020"
"Protection","% of HH with at least one child missing a key individual document","",0.482298968671927,"children_missing_doc","2020"
"Protection","% of households with presence of child marriage","",0.0105241949614481,"child_married","2020"
"Protection, Health","% HH with children with psychosocial distress (proxy data with behaviour change)","",0.0329837077925587,"child_distress","2020"
"Protection, Health","% HH with adults with psychosocial distress (proxy data with behavior change)","",0.0383528727958951,"adult_distress","2020"
"Protection, HLP","% of HHs lacking secure tenure","",0.0512945851314379,"lack_secure_tenure","2020"
"Protection, HLP","% of HHs lacking valid HLP documents","",0.361103956769151,"lack_hlp","2020"
"SNFI","% HHs reporting at least 2 shelter improvements","",0.162457175764932,"shelter_2_improvements","2020"
"WASH","% of HHs without access to an improved water source","",0.052811353554127,"imptoved_water_source","2020"
"WASH","% of HHs without access to [type of water source]","improved",0.947188646445873,"water_source","2020"
"WASH","% of HHs without access to [type of water source]","unimproved",0.052811353554127,"water_source","2020"
"WASH","% of households without access to a sufficient quantity of water for drinking and domestic purposes","",0.899586100282725,"insufficient_amount_water","2020"
"WASH","% HH with access to improved functional sanitation facilities ","",0.0939323190798376,"improved_sanitation","2020"
"WASH","% HH treating their water prior to drinking","",0.364176599009475,"treat_water","2020"
"AAP","% of HHs reported having received aid in the 30 days prior to data collection","",0.140094128437748,"received_aid","2019"
"AAP","% of HHs reporting to have received [type of aid]","Cash",0.396193631942499,"received_aid_cash","2019"
"AAP","% of HHs reporting to have received [type of aid]","Food",0.784446015527274,"received_aid_food","2019"
"AAP","% of HHs reporting to have received [type of aid]","Water",0.0291437704698089,"received_aid_water","2019"
"AAP","% of HHs reporting to have received [type of aid]","Fuel",0.0234421432197432,"received_aid_fuel","2019"
"AAP","% of HHs reporting to have received [type of aid]","Shelter",0.0171481873348245,"received_aid_shelter","2019"
"AAP","% of HHs reporting to have received [type of aid]","Seasonal items",0.129788132009971,"received_aid_seasonal_items","2019"
"AAP","% of HHs reporting to have received [type of aid]","Other non-food items",0.280593349695784,"received_aid_other_nfi","2019"
"AAP","% of HHs reporting to have received [type of aid]","Protection/legal services",0.000787432773485832,"received_aid_protection","2019"
"AAP","% of HHs reporting to have received [type of aid]","Education services",0.00648321678471755,"received_aid_education","2019"
"AAP","% of HHs reporting to have received [type of aid]","Healthcare",0.137530808669023,"received_aid_healthcare","2019"
"AAP","% of HHs reporting to be satisfied with the aid received","",0.106560501028172,"aid_satisfaction","2019"
"CCCM, Shelter, Protection","% of HHs living in critical shelter","",0.141817110477944,"critical_shelter","2019"
"CCCM, Shelter, Protection","% of HHs living in [type of shelter]","apartment",0.0341150563010709,"shelter.shelter_type","2019"
"CCCM, Shelter, Protection","% of HHs living in [type of shelter]","container",0.00881842480017428,"shelter.shelter_type","2019"
"CCCM, Shelter, Protection","% of HHs living in [type of shelter]","damaged_building",0.0142167038111071,"shelter.shelter_type","2019"
"CCCM, Shelter, Protection","% of HHs living in [type of shelter]","hotel",0.000627601627647333,"shelter.shelter_type","2019"
"CCCM, Shelter, Protection","% of HHs living in [type of shelter]","house",0.823430436095052,"shelter.shelter_type","2019"
"CCCM, Shelter, Protection","% of HHs living in [type of shelter]","makeshift_shelter",0.00998488017966465,"shelter.shelter_type","2019"
"CCCM, Shelter, Protection","% of HHs living in [type of shelter]","non_residential",0.000750620598530817,"shelter.shelter_type","2019"
"CCCM, Shelter, Protection","% of HHs living in [type of shelter]","other",9.79549828550036e-06,"shelter.shelter_type","2019"
"CCCM, Shelter, Protection","% of HHs living in [type of shelter]","public_building",0.00205164984094069,"shelter.shelter_type","2019"
"CCCM, Shelter, Protection","% of HHs living in [type of shelter]","religious_building",0.00290114100780008,"shelter.shelter_type","2019"
"CCCM, Shelter, Protection","% of HHs living in [type of shelter]","rhu",0.00378202712794116,"shelter.shelter_type","2019"
"CCCM, Shelter, Protection","% of HHs living in [type of shelter]","tent",0.0769699107936219,"shelter.shelter_type","2019"
"CCCM, Shelter, Protection","% of HHs living in [type of shelter]","unfinished_abandoned_building",0.0223417523181635,"shelter.shelter_type","2019"
"Education","% of households with at least one school-aged child not attending formal school regularly (at least 4 days a week)","",0.206732196808498,"not_attending_formal","2019"
"Education","% of HHs with at least one child dropping out in previous academic year","",0.0239499940904928,"dropped_from_school","2019"
"Education","Main barriers to education","School stopped functioning and is now closed",0.218184549375622,"education_barriers_not_function","2019"
"Education","Main barriers to education","Lack of safety to access schools",0.109369381819226,"education_barriers_safety","2019"
"Education","Main barriers to education","Costs related to education",0.261198904573769,"education_barriers_cost","2019"
"Education","Main barriers to education","Unable to enroll/register",0.0423673149178474,"education_barriers_unable_to_register","2019"
"Education","Main barriers to education","Physical limitations to access school ",0.109856521649724,"education_barriers_physical_limitation","2019"
"Education","Main barriers to education","School and classes are overcrowded",0.00205770516685514,"education_barriers_overcrowded","2019"
"Education","Main barriers to education","The school infrastructure is poor",0.0105828505857833,"education_barriers_poor_infrastructure","2019"
"Education","Main barriers to education","Curriculum not adapted",0.0125946611168703,"education_barriers_curriculum_not_adapted","2019"
"Education","Main barriers to education","Child working",0.063949757474388,"education_barriers_working","2019"
"Education","Main barriers to education","parental refusal",0.0442668659757895,"education_barriers_parental_refusal","2019"
"Education","Main barriers to education","Lack of interest of children in education.",0.249512922772725,"education_barriers_lack_interest","2019"
"Education","Main barriers to education","Other",0.0739321158019438,"education_barriers_other","2019"
"Food Security","Food Consumption Score","Acceptable",0.879394390787822,"fcs_category","2019"
"Food Security","Food Consumption Score","Borderline",0.0918105353707835,"fcs_category","2019"
"Food Security","Food Consumption Score","Poor",0.0287950738413941,"fcs_category","2019"
"Food Security, Livelihoods","% of HH relying on negative coping strategies (stress, crisis or emergency) to cope with a lack of food or money to buy food","Stress",0.520830135641266,"stress","2019"
"Food Security, Livelihoods","% of HH relying on negative coping strategies (stress, crisis or emergency) to cope with a lack of food or money to buy food","Crisis",0.150967439292307,"crisis","2019"
"Food Security, Livelihoods","% of HH relying on negative coping strategies (stress, crisis or emergency) to cope with a lack of food or money to buy food","Emergency",0.103329167440184,"emergency","2019"
"Food Security, Livelihoods","% of HH spending more than 50% of total expenditure on food","",0.325099394087782,"food_expenditure_share","2019"
"Health","% of households with  a hospital with emergency, maternity, surgical and pediatric services within one hour's reach from dwellings","",0.363641783393703,"hospital_access_services","2019"
"Health","% of households that can access primary healthcare (health clinic) within one hour's walk from dwellings","",0.921683162854635,"clinic_access","2019"
"Health","% HH reporting difficulties in accessing health services","",0.634213472070582,"difficulty_access_healthcare","2019"
"Health","% HH reporting [type of difficulty] in accessing health services","Cost of services and/or medicine was too high",0.530903073074597,"difficulty_access_healthcare_cost","2019"
"Health","% HH reporting [type of difficulty] in accessing health services","Did not get access to qualified health staff at the health facility",0.040120740723159,"difficulty_access_healthcare_lack_qualified_staff","2019"
"Health","% HH reporting [type of difficulty] in accessing health services","Problems with civil documents",0.00280318549599455,"difficulty_access_healthcare_lack_civil_doc","2019"
"Health","% HH reporting [type of difficulty] in accessing health services","Public health clinic did not provide referral",0.0182323046000948,"difficulty_access_healthcare_no_referral_phc","2019"
"Health","% HH reporting [type of difficulty] in accessing health services","Public health clinic not open",0.0199736475960731,"difficulty_access_healthcare_phc_closed","2019"
"Health","% HH reporting [type of difficulty] in accessing health services","The treatment center was too far away/Transportation constraints",0.0665602462556268,"difficulty_access_healthcare_too_far","2019"
"Health","% HH reporting [type of difficulty] in accessing health services","Medical staff refused treatment without any excuse",0.0119355949326735,"difficulty_access_healthcare_staff_refused_treatment","2019"
"Health","% HH reporting [type of difficulty] in accessing health services","No medicine available at health facility/pharmacy",0.150658543114882,"difficulty_access_healthcare_lack_medicine","2019"
"Health","% HH reporting [type of difficulty] in accessing health services","No treatment available for my disease at the health facility",0.101203066003086,"difficulty_access_healthcare_no_treatment_phc","2019"
"Health","% HH reporting [type of difficulty] in accessing health services","Health services not inclusive of people with disabilities",0.0245630569289883,"difficulty_access_healthcare_not_inclusive_disability","2019"
"Health, Protection","% HH with at least on individual that has ""lots of difficulty"" or ""cannot do at all"" one of the following activities: seeing, hearing, walking/climbing steps, remembering/concerntrating, self-care, communicating","",0.114218897651558,"members_disabled","2019"
"Health, Protection","% of households with members unable to access one or more services due to disability","",0.534068350495093,"difficulty_disability_services","2019"
"Health, Protection GBV","% of households reporting that women of reproductive age (15-49) face difficulty in accessing specialized reproductive health services","",0.176208326935079,"difficulty_accessing_female_services","2019"
"HH profile","% of female-headed households","",0.0731132950914171,"female_headed","2019"
"HH profile","% of single headed households","",0.0885178095483377,"single_headed","2019"
"HH Profile, CCCM ","% of IDP HHs that intend to remain in their current location for the next three months","Remain
Return to AoO
Move elsewhere
Don’t know",0.246231209506845,"no_movement_3","2019"
"HH Profile, CCCM ","% of IDP HHs that intend to remain in their current location for the next twelve months","Remain
Return to AoO
Move elsewhere
Don’t know",0.198568526769696,"no_movement_12","2019"
"HH Profile, CCCM ","% of returnee HHs that intend to remain in their current location for the next twelve months","",0.755132082804509,"no_movement_returnee_12","2019"
"HH Profile, CCCM ","% of IDP HHs that currently intends to return to their AoO due to [insert response option]","Safety in AoO",0.770004775235871,"return_security_aoo","2019"
"HH Profile, CCCM ","% of IDP HHs that currently intends to return to their AoO due to [insert response option]","Safety concerns in AoD",0.00108952961151412,"return_security_aod","2019"
"HH Profile, CCCM ","% of IDP HHs that currently intends to return to their AoO due to [insert response option]","Lack of livelihood in AoD",0.049512251026263,"return_livelihoods_aod","2019"
"HH Profile, CCCM ","% of IDP HHs that currently intends to return to their AoO due to [insert response option]","to secure HLP ",0.0648981713713107,"return_secure_hlp","2019"
"HH Profile, CCCM ","% of IDP HHs that currently intends to return to their AoO due to [insert response option]","Lack of access to basic services in AoD (e.g. health, education, courts)",0.0366094817596453,"return_limited_services","2019"
"HH Profile, CCCM ","% of IDP HHs that currently intends to return to their AoO due to [insert response option]","Availability of access to basic services and/or livelihood in AoO (e.g. health, education, courts)",0.004319530227315,"return_available_services_aoo","2019"
"HH Profile, CCCM ","% of IDP HHs that currently intends to return to their AoO due to [insert response option]","Social pull factors (e.g. emotional desire, family returned, family released from detention, lack integration AoD)",0.0134838118016894,"return_pull_factors","2019"
"HH Profile, CCCM ","% of IDP HHs that currently intends to return to their AoO due to [insert response option]","Mine/UXO contamination",0.205486266575525,"return_uxo","2019"
"HH Profile, CCCM ","% of IDP HHs that currently don't intend to return to their AoO due to [insert response option]","Safety concerns in AoO",0.170870769249477,"no_return_security_aoo","2019"
"HH Profile, CCCM ","% of IDP HHs that currently don't intend to return to their AoO due to [insert response option]","Lack of livelihood in AoO",0.0977675832381758,"no_return_lack_livelihoods","2019"
"HH Profile, CCCM ","% of IDP HHs that currently don't intend to return to their AoO due to [insert response option]","Lack of shelter in AoO",0.0953001830087701,"no_return_lack_shelter","2019"
"HH Profile, CCCM ","% of IDP HHs that currently don't intend to return to their AoO due to [insert response option]","Lack of civil documentation or security clearance",0.00517669749224653,"no_return_lack_docs","2019"
"HH Profile, CCCM ","% of IDP HHs that currently don't intend to return to their AoO due to [insert response option]","Lack of access to basic services in AoD (e.g. health, education, courts)",0.0353249044386312,"no_return_lack_services","2019"
"HH Profile, CCCM ","% of IDP HHs that currently don't intend to return to their AoO due to [insert response option]","Pull factors to remain in AoD (e.g. education, family, health condition, living conditions)",0.0346859561666019,"no_return_pull_factors","2019"
"HH Profile, CCCM ","% of IDP HHs that currently don't intend to return to their AoO due to [insert response option]","Mine/UXO contamination",0.125708568933847,"no_return_uxo","2019"
"Livelihoods","% HH with at least one adult (18+) unemployed and seeking work","",0.223217239317597,"unemployed_seeking_work","2019"
"Livelihoods","% HH with at least one female adult (18+) unemployed and seeking work","",0.127614181691389,"female_unemployed_seeking_work","2019"
"Livelihoods","% HH with at least one person under (<18) working","",0.085288919760648,"children_working","2019"
"Livelihoods","Main barriers to employment","Increased competition for jobs, not enough jobs",0.79048923090554,"employment_barrier_competition","2019"
"Livelihoods","Main barriers to employment","Available jobs are too far away",0.163692261618359,"employment_barrier_too_far","2019"
"Livelihoods","Main barriers to employment","Only low-skilled, socially degrading or low-paying jobs",0.091535764521749,"employment_barrier_only_low_available","2019"
"Livelihoods","Main barriers to employment","Underqualified for available jobs",0.0990091043927809,"employment_barrier_underqualified_for_jobs","2019"
"Livelihoods","Main barriers to employment","Lack of family/personal connections",0.167095279027949,"employment_barrier_no_wasta","2019"
"Livelihoods","% of households whose average monthly income [from employment and pension] was less than 480,000 IQD/month","",0.428242755825527,"insufficient_income","2019"
"Livelihoods","% HH with debt value > 505,000 IQD ","",0.455556622252683,"too_much_debt","2019"
"Livelihoods","% HH unable to afford basic needs (% HH taking on debt due to healthcare, food, education, or basic household expenditures)","",0.608240529956026,"basic_services","2019"
"Livelihoods, AAP","% of households relying  on humanitarian assistance as a primary  source of income","",0.0214026452031305,"ngo_assistance","2019"
"Livelihoods, Health","% of HH spending more than 25% of total expenditure on health","",0.0612314231461936,"health_expenses","2019"
"Protection","% HHs reporting risk of eviction","",0.0423863109603859,"risk_eviction","2019"
"Protection","% of HHs reporting to experience daytime movement restrictions","",0.556184366379004,"movement_restriction","2019"
"Protection","% HH missing at least one key household or individual document ","",0.415617638917739,"hh_missing_doc","2019"
"Protection","% of HH with at least one child missing a key individual document","",0.38246380938942,"children_missing_doc","2019"
"Protection","% of households with presence of child marriage","",0.0178557967912565,"child_married","2019"
"Protection, Health","% HH with children with psychosocial distress (proxy data with behaviour change)","",0.0470842921475233,"child_distress","2019"
"Protection, Health","% HH with adults with psychosocial distress (proxy data with behavior change)","",0.0498448201363618,"adult_distress","2019"
"Protection, HLP","% of HHs lacking secure tenure","",0.137624754947473,"lack_secure_tenure","2019"
"SNFI","% HHs reporting at least 2 shelter improvements","",0.142827683141296,"shelter_2_improvements","2019"
"WASH","% of HHs without access to an improved water source","",0.0602265997822063,"imptoved_water_source","2019"
"WASH","% of HHs without access to [type of water source]","improved",0.939773400217794,"water_source","2019"
"WASH","% of HHs without access to [type of water source]","unimproved",0.0602265997822063,"water_source","2019"
"WASH","% HH with access to improved functional sanitation facilities ","",0.966012037554357,"improved_sanitation","2019"
"WASH","% of households reporting problems related to water quality","",0.283051902906546,"problem_water_quality","2019"
"WASH","% HH treating their water prior to drinking","",0.291989818275811,"treat_water","2019"
"AAP","% of HHs reported having received aid in the 30 days prior to data collection","",0.313703169612899,"received_aid","2018"
"AAP","% of HHs reporting to have received [type of aid]","Cash",0.278642160613805,"received_aid_cash","2018"
"AAP","% of HHs reporting to have received [type of aid]","Food",0.86758207682412,"received_aid_food","2018"
"AAP","% of HHs reporting to have received [type of aid]","Water",0.0624231348270843,"received_aid_water","2018"
"AAP","% of HHs reporting to have received [type of aid]","Fuel",0.0428211901589103,"received_aid_fuel","2018"
"AAP","% of HHs reporting to have received [type of aid]","Shelter",0.00735991021711998,"received_aid_shelter","2018"
"AAP","% of HHs reporting to have received [type of aid]","Seasonal items",0.0719333378153495,"received_aid_seasonal_items","2018"
"AAP","% of HHs reporting to have received [type of aid]","Other non-food items",0.148423195142548,"received_aid_other_nfi","2018"
"AAP","% of HHs reporting to have received [type of aid]","Protection/legal services",0.00362749866832404,"received_aid_protection","2018"
"AAP","% of HHs reporting to be satisfied with the aid received","",0.760001457333172,"aid_satisfaction","2018"
"CCCM, Shelter, Protection","% of HHs living in critical shelter","",0.335554858849627,"critical_shelter","2018"
"CCCM, Shelter, Protection","% of HHs living in [type of shelter]","Apartment",0.0502710423078714,"shelter.shelter_type","2018"
"CCCM, Shelter, Protection","% of HHs living in [type of shelter]","Caravan",0.0332363287307505,"shelter.shelter_type","2018"
"CCCM, Shelter, Protection","% of HHs living in [type of shelter]","Container",0.00352951903918335,"shelter.shelter_type","2018"
"CCCM, Shelter, Protection","% of HHs living in [type of shelter]","damaged_building",0.0124846785324623,"shelter.shelter_type","2018"
"CCCM, Shelter, Protection","% of HHs living in [type of shelter]","Hotel",0.000195346963662376,"shelter.shelter_type","2018"
"CCCM, Shelter, Protection","% of HHs living in [type of shelter]","House",0.600029456965417,"shelter.shelter_type","2018"
"CCCM, Shelter, Protection","% of HHs living in [type of shelter]","Makeshift_or_Improvised_Shelter",0.00114922866229287,"shelter.shelter_type","2018"
"CCCM, Shelter, Protection","% of HHs living in [type of shelter]","makeshift_shelter",0.00303045383994792,"shelter.shelter_type","2018"
"CCCM, Shelter, Protection","% of HHs living in [type of shelter]","non_residential",0.00615400687102465,"shelter.shelter_type","2018"
"CCCM, Shelter, Protection","% of HHs living in [type of shelter]","other",0.0139492949134227,"shelter.shelter_type","2018"
"CCCM, Shelter, Protection","% of HHs living in [type of shelter]","public_building",0.00513070412331789,"shelter.shelter_type","2018"
"CCCM, Shelter, Protection","% of HHs living in [type of shelter]","religious_building",0.0038972773445896,"shelter.shelter_type","2018"
"CCCM, Shelter, Protection","% of HHs living in [type of shelter]","RHU",0.0098453769656009,"shelter.shelter_type","2018"
"CCCM, Shelter, Protection","% of HHs living in [type of shelter]","Semi_permanent_structure",0.000751787885355001,"shelter.shelter_type","2018"
"CCCM, Shelter, Protection","% of HHs living in [type of shelter]","Single_Family_Residential_Unit",0.00492123094327805,"shelter.shelter_type","2018"
"CCCM, Shelter, Protection","% of HHs living in [type of shelter]","tent",0.210592057045787,"shelter.shelter_type","2018"
"CCCM, Shelter, Protection","% of HHs living in [type of shelter]","Tent",0.00698837949573368,"shelter.shelter_type","2018"
"CCCM, Shelter, Protection","% of HHs living in [type of shelter]","Unfinished_Abandoned_building",0.0338438293703032,"shelter.shelter_type","2018"
"Education","% of households with at least one school-aged child not attending formal school regularly (at least 4 days a week)","",0.365765252052977,"not_attending_formal","2018"
"Education","% of households with at least one female school-aged child not attending formal school regularly (at least 4 days a week)","",0.332758876836934,"female_not_attending_formal","2018"
"Education","% of households with at least one male school-aged child not attending formal school regularly (at least 4 days a week)","",0.256888375475117,"male_not_attending_formal","2018"
"Education","% of HHs with at least one child dropping out in previous academic year","",0.194333209983888,"dropped_from_school","2018"
"Education","Main barriers to education","Lack of safety to access schools",0.0118042208259003,"education_barriers_safety","2018"
"Education","Main barriers to education","Costs related to education",0.08884429661382,"education_barriers_cost","2018"
"Education","Main barriers to education","Unable to enroll/register",0.0307979928346421,"education_barriers_unable_to_register","2018"
"Education","Main barriers to education","Physical limitations to access school ",0.0183359100172347,"education_barriers_physical_limitation","2018"
"Education","Main barriers to education","The school infrastructure is poor",0.00167605766392583,"education_barriers_poor_infrastructure","2018"
"Education","Main barriers to education","Curriculum not adapted",0.00249564695007833,"education_barriers_curriculum_not_adapted","2018"
"Education","Main barriers to education","Child working",0.0273628995506435,"education_barriers_working","2018"
"Education","Main barriers to education","parental refusal",0.0363353329842298,"education_barriers_parental_refusal","2018"
"Education","Main barriers to education","Health condition of child",0.0347745571424194,"education_barriers_health_issue","2018"
"Education","Main barriers to education","School and classes are overcrowded",0.000664794151586099,"education_barriers_overcrowded","2018"
"Education","Main barriers to education","Lack of interest of children in education.",0.0424987858321621,"education_barriers_lack_interest","2018"
"Education","Main barriers to education","Other",0.100206245626674,"education_barriers_other","2018"
"Food Security","Food Consumption Score","Acceptable",0.885551528390246,"fcs_category","2018"
"Food Security","Food Consumption Score","Borderline",0.0817427861307262,"fcs_category","2018"
"Food Security","Food Consumption Score","Poor",0.0327056854790283,"fcs_category","2018"
"Food Security, Livelihoods","% of HH relying on negative coping strategies (stress, crisis or emergency) to cope with a lack of food or money to buy food","Stress",0.769156529578878,"stress","2018"
"Food Security, Livelihoods","% of HH relying on negative coping strategies (stress, crisis or emergency) to cope with a lack of food or money to buy food","Crisis",0.216197204414349,"crisis","2018"
"Food Security, Livelihoods","% of HH relying on negative coping strategies (stress, crisis or emergency) to cope with a lack of food or money to buy food","Emergency",0.143700335906048,"emergency","2018"
"Food Security, Livelihoods","% of HH spending more than 50% of total expenditure on food","",0.347234149085026,"food_expenditure_share","2018"
"Health","% of households with  a hospital with emergency, maternity, surgical and pediatric services within one hour's reach from dwellings","",0.319153546034001,"hospital_access_services","2018"
"Health","% of households that can access primary healthcare (health clinic) within one hour's walk from dwellings","",0.912589225969661,"clinic_access","2018"
"Health","% HH reporting difficulties in accessing health services","",0.840694205417395,"difficulty_access_healthcare","2018"
"Health","% HH reporting [type of difficulty] in accessing health services","Cost of services and/or medicine was too high",0.894998762084521,"difficulty_access_healthcare_cost","2018"
"Health","% HH reporting [type of difficulty] in accessing health services","Did not get access to qualified health staff at the health facility",0.172638724088881,"difficulty_access_healthcare_lack_qualified_staff","2018"
"Health","% HH reporting [type of difficulty] in accessing health services","Problems with civil documents",0.00154160457721782,"difficulty_access_healthcare_lack_civil_doc","2018"
"Health","% HH reporting [type of difficulty] in accessing health services","Public health clinic did not provide referral",0.0181037690354205,"difficulty_access_healthcare_no_referral_phc","2018"
"Health","% HH reporting [type of difficulty] in accessing health services","Public health clinic not open",0.00815996288321705,"difficulty_access_healthcare_phc_closed","2018"
"Health","% HH reporting [type of difficulty] in accessing health services","The treatment center was too far away/Transportation constraints",0.083203318592266,"difficulty_access_healthcare_too_far","2018"
"Health","% HH reporting [type of difficulty] in accessing health services","Medical staff refused treatment without any excuse",0.00888581893949866,"difficulty_access_healthcare_staff_refused_treatment","2018"
"Health","% HH reporting [type of difficulty] in accessing health services","No medicine available at health facility/pharmacy",0.317711975083037,"difficulty_access_healthcare_lack_medicine","2018"
"Health","% HH reporting [type of difficulty] in accessing health services","No treatment available for my disease at the health facility",0.107608160343749,"difficulty_access_healthcare_no_treatment_phc","2018"
"Health, Protection GBV","% of households reporting that women of reproductive age (15-49) face difficulty in accessing specialized reproductive health services","",0.325190517090061,"difficulty_accessing_female_services","2018"
"HH profile","% of female-headed households","",0.135513993691327,"female_headed","2018"
"HH profile","% of single headed households","",0.124529699769712,"single_headed","2018"
"HH Profile, CCCM ","% of IDP HHs that intend to remain in their current location for the next three months","Remain
Return to AoO
Move elsewhere
Don’t know",0.801554474298494,"no_movement_3","2018"
"HH Profile, CCCM ","% of IDP HHs that intend to remain in their current location for the next twelve months","Remain
Return to AoO
Move elsewhere
Don’t know",0.69042908239791,"no_movement_12","2018"
"HH Profile, CCCM ","% of IDP HHs that currently intends to return to their AoO due to [insert response option]","Safety in AoO",0.44811517066986,"return_security_aoo","2018"
"HH Profile, CCCM ","% of IDP HHs that currently intends to return to their AoO due to [insert response option]","Safety concerns in AoD",0.0605525697074665,"return_security_aod","2018"
"HH Profile, CCCM ","% of IDP HHs that currently intends to return to their AoO due to [insert response option]","Lack of livelihood in AoD",0.097826631903623,"return_livelihoods_aod","2018"
"HH Profile, CCCM ","% of IDP HHs that currently intends to return to their AoO due to [insert response option]","to secure HLP ",0.224750869663352,"return_secure_hlp","2018"
"HH Profile, CCCM ","% of IDP HHs that currently intends to return to their AoO due to [insert response option]","Lack of access to basic services in AoD (e.g. health, education, courts)",0.0938563924409105,"return_limited_services","2018"
"HH Profile, CCCM ","% of IDP HHs that currently intends to return to their AoO due to [insert response option]","Availability of access to basic services and/or livelihood in AoO (e.g. health, education, courts)",0.122307275211881,"return_available_services_aoo","2018"
"HH Profile, CCCM ","% of IDP HHs that currently intends to return to their AoO due to [insert response option]","Social pull factors (e.g. emotional desire, family returned, family released from detention, lack integration AoD)",0.661825538997986,"return_pull_factors","2018"
"HH Profile, CCCM ","% of IDP HHs that currently intends to return to their AoO due to [insert response option]","Mine/UXO contamination",0.0652420167854037,"return_uxo","2018"
"HH Profile, CCCM ","% of IDP HHs that currently don't intend to return to their AoO due to [insert response option]","Safety concerns in AoO",0.613932717317705,"no_return_security_aoo","2018"
"HH Profile, CCCM ","% of IDP HHs that currently don't intend to return to their AoO due to [insert response option]","Lack of livelihood in AoO",0.375713350556202,"no_return_lack_livelihoods","2018"
"HH Profile, CCCM ","% of IDP HHs that currently don't intend to return to their AoO due to [insert response option]","Lack of shelter in AoO",0.519703738884216,"no_return_lack_shelter","2018"
"HH Profile, CCCM ","% of IDP HHs that currently don't intend to return to their AoO due to [insert response option]","Lack of civil documentation or security clearance",0.00147324335449121,"no_return_lack_docs","2018"
"HH Profile, CCCM ","% of IDP HHs that currently don't intend to return to their AoO due to [insert response option]","Lack of access to basic services in AoD (e.g. health, education, courts)",0.125301565020547,"no_return_lack_services","2018"
"HH Profile, CCCM ","% of IDP HHs that currently don't intend to return to their AoO due to [insert response option]","Pull factors to remain in AoD (e.g. education, family, health condition, living conditions)",0.134622152955542,"no_return_pull_factors","2018"
"HH Profile, CCCM ","% of IDP HHs that currently don't intend to return to their AoO due to [insert response option]","Mine/UXO contamination",0.182950744897917,"no_return_uxo","2018"
"Livelihoods","% HH with at least one adult (18+) unemployed and seeking work","",0.305137301532175,"unemployed_seeking_work","2018"
"Livelihoods","% HH with at least one female adult (18+) unemployed and seeking work","",0.11101991167309,"female_unemployed_seeking_work","2018"
"Livelihoods","% HH with at least one person under (<18) working","",0.101284417638989,"children_working","2018"
"Livelihoods","Main barriers to employment","Increased competition for jobs, not enough jobs",0.225699851812562,"employment_barrier_competition","2018"
"Livelihoods","Main barriers to employment","Available jobs are too far away",0.046697048118887,"employment_barrier_too_far","2018"
"Livelihoods","Main barriers to employment","Only low-skilled, socially degrading or low-paying jobs",0.0309354822706845,"employment_barrier_only_low_available","2018"
"Livelihoods","Main barriers to employment","Underqualified for available jobs",0.0653276384797066,"employment_barrier_underqualified_for_jobs","2018"
"Livelihoods","Main barriers to employment","Lack of family/personal connections",0.0789540762582769,"employment_barrier_no_wasta","2018"
"Livelihoods","% of households whose average monthly income [from employment and pension] was less than 480,000 IQD/month","",0.736345401513366,"insufficient_income","2018"
"Livelihoods","% HH with debt value > 505,000 IQD ","",0.514168228930119,"too_much_debt","2018"
"Livelihoods","% HH unable to afford basic needs (% HH taking on debt due to healthcare, food, education, or basic household expenditures)","",0.889095812890207,"basic_services","2018"
"Livelihoods, AAP","% of households relying  on humanitarian assistance as a primary  source of income","",0.0670159205933769,"ngo_assistance","2018"
"Livelihoods, Health","% of HH spending more than 25% of total expenditure on health","",0.11772057317201,"health_expenses","2018"
"Protection","% HHs reporting risk of eviction","",0.0412109985813966,"risk_eviction","2018"
"Protection","% of HHs reporting to experience daytime movement restrictions","",0.0137295562350906,"movement_restriction","2018"
"Protection","% HH missing at least one key household or individual document ","",0.370447413337682,"hh_missing_doc","2018"
"Protection","% of HH with at least one child missing a key individual document","",0.0215580855405364,"children_missing_doc","2018"
"Protection","% of households with presence of child marriage","",0.0200538557642652,"child_married","2018"
"Protection, Health","% HH with children with psychosocial distress (proxy data with behaviour change)","",0.135031079082856,"child_distress","2018"
"SNFI","% HHs reporting at least 2 shelter improvements","",0.252771144462751,"shelter_2_improvements","2018"
"WASH","% of HHs without access to an improved water source","",0.0883139765055251,"imptoved_water_source","2018"
"WASH","% of HHs without access to [type of water source]","improved",0.911686023494475,"water_source","2018"
"WASH","% of HHs without access to [type of water source]","unimproved",0.0883139765055251,"water_source","2018"
"WASH","% HH with access to improved functional sanitation facilities ","",0.78055003443039,"improved_sanitation","2018"
"WASH","% HH treating their water prior to drinking","",0.430331965897095,"treat_water","2018"
"AAP","% of HHs reported having received aid in the 30 days prior to data collection","",0.765895597287995,"received_aid","2017"
"AAP","% of HHs reporting to have received [type of aid]","Cash",0.581353895929407,"received_aid_cash","2017"
"AAP","% of HHs reporting to have received [type of aid]","Food",0.526167865079985,"received_aid_food","2017"
"AAP","% of HHs reporting to have received [type of aid]","Water",0.0373143055796807,"received_aid_water","2017"
"AAP","% of HHs reporting to have received [type of aid]","Fuel",0.329245751139794,"received_aid_fuel","2017"
"AAP","% of HHs reporting to have received [type of aid]","Shelter",0.124198636227574,"received_aid_shelter","2017"
"AAP","% of HHs reporting to have received [type of aid]","Seasonal items",0.126426456753717,"received_aid_seasonal_items","2017"
"AAP","% of HHs reporting to have received [type of aid]","Other non-food items",0.0873220910306156,"received_aid_other_nfi","2017"
"AAP","% of HHs reporting to have received [type of aid]","none",0.236314956861796,"received_aid_none","2017"
"CCCM, Shelter, Protection","% of HHs living in critical shelter","",0.185470557612907,"critical_shelter","2017"
"CCCM, Shelter, Protection","% of HHs living in [type of shelter]","Abandoned_building",0.00950697617706327,"shelter.shelter_type","2017"
"CCCM, Shelter, Protection","% of HHs living in [type of shelter]","Apartment",0.135646112014603,"shelter.shelter_type","2017"
"CCCM, Shelter, Protection","% of HHs living in [type of shelter]","Container",0.00459766487792734,"shelter.shelter_type","2017"
"CCCM, Shelter, Protection","% of HHs living in [type of shelter]","damaged_building",0.00865663075261233,"shelter.shelter_type","2017"
"CCCM, Shelter, Protection","% of HHs living in [type of shelter]","Hotel",0.00154086755340847,"shelter.shelter_type","2017"
"CCCM, Shelter, Protection","% of HHs living in [type of shelter]","House",0.667569780835828,"shelter.shelter_type","2017"
"CCCM, Shelter, Protection","% of HHs living in [type of shelter]","Open_Air",0.000301610006673867,"shelter.shelter_type","2017"
"CCCM, Shelter, Protection","% of HHs living in [type of shelter]","other",0.00977268198325257,"shelter.shelter_type","2017"
"CCCM, Shelter, Protection","% of HHs living in [type of shelter]","public_building",0.00645709420415721,"shelter.shelter_type","2017"
"CCCM, Shelter, Protection","% of HHs living in [type of shelter]","religious_building",0.053095558557478,"shelter.shelter_type","2017"
"CCCM, Shelter, Protection","% of HHs living in [type of shelter]","School",0.00288034478284984,"shelter.shelter_type","2017"
"CCCM, Shelter, Protection","% of HHs living in [type of shelter]","Tent",0.024401508610479,"shelter.shelter_type","2017"
"CCCM, Shelter, Protection","% of HHs living in [type of shelter]","Unfinished_building",0.0755731696436666,"shelter.shelter_type","2017"
"Education","% of households with at least one school-aged child not attending formal school regularly (at least 4 days a week)","",0.0280489772987372,"not_attending_formal","2017"
"Education","% of households with at least one female school-aged child not attending formal school regularly (at least 4 days a week)","",0.0211322020592233,"female_not_attending_formal","2017"
"Education","% of households with at least one male school-aged child not attending formal school regularly (at least 4 days a week)","",0.0240521629088712,"male_not_attending_formal","2017"
"Education","% of HHs with at least one child dropping out in previous academic year","",0.0990602280582729,"dropped_from_school","2017"
"Education","Main barriers to education","Lack of safety to access schools",0,"education_barriers_safety","2017"
"Education","Main barriers to education","Costs related to education",0.31099640360951,"education_barriers_cost","2017"
"Education","Main barriers to education","Unable to enroll/register",0.0394801561741834,"education_barriers_unable_to_register","2017"
"Education","Main barriers to education","Health condition of child",0.00204351343768798,"education_barriers_health_issue","2017"
"Education","Main barriers to education","Physical limitations to access school ",0,"education_barriers_physical_limitation","2017"
"Education","Main barriers to education","The school infrastructure is poor",0,"education_barriers_poor_infrastructure","2017"
"Education","Main barriers to education","Child working",0.0937855091221901,"education_barriers_working","2017"
"Education","Main barriers to education","parental refusal",0,"education_barriers_parental_refusal","2017"
"Education","Main barriers to education","Other",0,"education_barriers_other","2017"
"Food Security","Food Consumption Score","Acceptable",0.927087346454414,"fcs_category","2017"
"Food Security","Food Consumption Score","Borderline",0.0575733646679274,"fcs_category","2017"
"Food Security","Food Consumption Score","Poor",0.0153392888776589,"fcs_category","2017"
"Food Security, Livelihoods","% of HH spending more than 50% of total expenditure on food","",0.367493078510822,"food_expenditure_share","2017"
"Health","% HH reporting difficulties in accessing health services","",0.527523961263717,"difficulty_access_healthcare","2017"
"Health","% HH reporting [type of difficulty] in accessing health services","Cost of services and/or medicine was too high",0.765240308922678,"difficulty_access_healthcare_cost","2017"
"Health","% HH reporting [type of difficulty] in accessing health services","Did not get access to qualified health staff at the health facility",0.0403904518753198,"difficulty_access_healthcare_lack_qualified_staff","2017"
"Health","% HH reporting [type of difficulty] in accessing health services","Problems with civil documents",0,"difficulty_access_healthcare_lack_civil_doc","2017"
"Health","% HH reporting [type of difficulty] in accessing health services","Public health clinic did not provide referral",0.00449667248786388,"difficulty_access_healthcare_no_referral_phc","2017"
"Health","% HH reporting [type of difficulty] in accessing health services","Public health clinic not open",0,"difficulty_access_healthcare_phc_closed","2017"
"Health","% HH reporting [type of difficulty] in accessing health services","The treatment center was too far away/Transportation constraints",0.0974449084862397,"difficulty_access_healthcare_too_far","2017"
"Health","% HH reporting [type of difficulty] in accessing health services","Medical staff refused treatment without any excuse",0.00136474523536325,"difficulty_access_healthcare_staff_refused_treatment","2017"
"Health","% HH reporting [type of difficulty] in accessing health services","No medicine available at health facility/pharmacy",0.352548372736293,"difficulty_access_healthcare_lack_medicine","2017"
"Health","% HH reporting [type of difficulty] in accessing health services","No treatment available for my disease at the health facility",0.047117864568909,"difficulty_access_healthcare_no_treatment_phc","2017"
"HH profile","% of female-headed households","",0.101781285542681,"female_headed","2017"
"HH Profile, CCCM ","% of IDP HHs that intend to remain in their current location for the next three months","Remain
Return to AoO
Move elsewhere
Don’t know",0.66275906189347,"no_movement_3","2017"
"Livelihoods","% HH with at least one adult (18+) unemployed and seeking work","",0.456002843433664,"unemployed_seeking_work","2017"
"Livelihoods","% HH with at least one person under (<18) working","",0.213403882649124,"children_working","2017"
"Livelihoods","Main barriers to employment","Increased competition for jobs, not enough jobs",0.796672920824736,"employment_barrier_competition","2017"
"Livelihoods","Main barriers to employment","Available jobs are too far away",0.101058757418066,"employment_barrier_too_far","2017"
"Livelihoods","Main barriers to employment","Only low-skilled, socially degrading or low-paying jobs",0.0720492948008443,"employment_barrier_only_low_available","2017"
"Livelihoods","Main barriers to employment","Lack of family/personal connections",0.271094764310202,"employment_barrier_no_wasta","2017"
"Livelihoods","% of households whose average monthly income [from employment and pension] was less than 480,000 IQD/month","",0.383788800787963,"insufficient_income","2017"
"Livelihoods","% of HHs reporting a barrier to an operational marketplace","",0.0970370031451922,"market_barrier","2017"
"Livelihoods","% HH with debt value > 505,000 IQD ","",0.154151942845298,"too_much_debt","2017"
"Livelihoods","% HH unable to afford basic needs (% HH taking on debt due to healthcare, food, education, or basic household expenditures)","",0.260132500303434,"basic_services","2017"
"Livelihoods, Health","% of HH spending more than 25% of total expenditure on health","",0.0778561992348163,"health_expenses","2017"
"Protection","% HHs reporting risk of eviction","",0.0358751552859093,"risk_eviction","2017"
"Protection","% of HHs reporting to experience daytime movement restrictions","",0.0146821572351175,"movement_restriction","2017"
"Protection","% HH missing at least one key household or individual document ","",0.0396675837473351,"hh_missing_doc","2017"
"WASH","% of HHs without access to an improved water source","",0.0575184788891037,"imptoved_water_source","2017"
"WASH","% of HHs without access to [type of water source]","improved",0.942481521110896,"water_source","2017"
"WASH","% of HHs without access to [type of water source]","unimproved",0.0575184788891037,"water_source","2017"
"WASH","% HH with access to improved functional sanitation facilities ","",0.820349631653913,"improved_sanitation","2017"
"WASH","% HH treating their water prior to drinking","",0.26258741582395,"treat_water","2017"
